Date,外資未平倉,PC ratio
2007/7/2,-6558,94
2007/7/3,-7244,99.37
2007/7/4,-10093,107.74
2007/7/5,-11282,112.52
2007/7/6,-11925,115.57
2007/7/9,-11416,126.99
2007/7/10,-17011,123.67
2007/7/11,-18722,116.71
2007/7/12,-15571,114.09
2007/7/13,-16151,119.84
2007/7/16,-18104,127.62
2007/7/17,-20001,133.12
2007/7/18,-22226,112.92
2007/7/19,-4600,109.17
2007/7/20,-706,115.37
2007/7/23,-5944,113.19
2007/7/24,-6732,120.81
2007/7/25,-12411,116.07
2007/7/26,-17413,111.46
2007/7/27,-25110,92.61
2007/7/30,-23687,82.93
2007/7/31,-15121,84.76
2007/8/1,-16939,86.39
2007/8/2,-13274,79.91
2007/8/3,-10507,81.09
2007/8/6,-12650,82
2007/8/7,-12049,84.76
2007/8/8,-9276,87
2007/8/9,-5761,87.72
2007/8/10,-7784,89.05
2007/8/13,-6371,87.33
2007/8/14,-8745,87.29
2007/8/15,-8594,114.35
2007/8/16,-13133,107.98
2007/8/17,-16719,99.39
2007/8/20,-10686,98.98
2007/8/21,-9290,97.33
2007/8/22,-9070,95.4
2007/8/23,-5911,98.12
2007/8/24,-3630,100.18
2007/8/27,-123,98.42
2007/8/28,688,96.99
2007/8/29,-2529,94.41
2007/8/30,-865,94.17
2007/8/31,820,96.28
2007/9/3,-1112,97.16
2007/9/4,-433,96.53
2007/9/5,-1305,98.17
2007/9/6,-1853,96.14
2007/9/7,-1661,100.9
2007/9/10,-1708,97.96
2007/9/11,-99,98.29
2007/9/12,181,99.61
2007/9/13,1012,101.15
2007/9/14,-638,100.67
2007/9/17,-3643,99.48
2007/9/19,-2308,76.5
2007/9/20,1072,89.15
2007/9/21,405,93.36
2007/9/26,129,94.92
2007/9/27,1326,94.96
2007/9/28,1724,95.63
2007/9/29,1929,93.51
2007/10/1,1470,93.78
2007/10/2,1134,101.35
2007/10/3,72,108.68
2007/10/4,-7014,101.39
2007/10/5,-8280,101.31
2007/10/8,-7961,105.12
2007/10/9,-7863,106.43
2007/10/11,-8220,110.95
2007/10/12,-7013,112.46
2007/10/15,-4467,113.3
2007/10/16,-4755,116.4
2007/10/17,-4330,132.51
2007/10/18,-3226,117.07
2007/10/19,-3035,114.7
2007/10/22,-652,116.24
2007/10/23,267,108.31
2007/10/24,1002,106.6
2007/10/25,1495,103.99
2007/10/26,1158,103.13
2007/10/29,-3639,104.71
2007/10/30,-3811,103.03
2007/10/31,-7947,100.24
2007/11/1,-5800,101.17
2007/11/2,-7387,89.58
2007/11/5,-5313,85.42
2007/11/6,-3962,87.49
2007/11/7,39,91.11
2007/11/8,2276,82.48
2007/11/9,1086,80.31
2007/11/12,2010,74.57
2007/11/13,1692,72.56
2007/11/14,2180,73.17
2007/11/15,2515,73.89
2007/11/16,4282,76.88
2007/11/19,5735,76.94
2007/11/20,7833,73.45
2007/11/21,8489,86.29
2007/11/22,-7471,79.39
2007/11/23,-8238,78.39
2007/11/26,-7004,75.99
2007/11/27,-9035,75.39
2007/11/28,-8885,73.98
2007/11/29,-5657,73.46
2007/11/30,-1816,80.29
2007/12/3,-1874,78.19
2007/12/4,-3719,77.76
2007/12/5,-3971,78.12
2007/12/6,-3340,81.3
2007/12/7,-2808,82.72
2007/12/10,-3947,79.05
2007/12/11,-2712,80.7
2007/12/12,-3508,80.88
2007/12/13,-4224,72.79
2007/12/14,-918,66.93
2007/12/17,2877,62.82
2007/12/18,4573,60.71
2007/12/19,7851,75.46
2007/12/20,2842,66.61
2007/12/21,3556,64.21
2007/12/24,4781,62.37
2007/12/25,4834,62.22
2007/12/26,4777,60.86
2007/12/27,5463,63.76
2007/12/28,5708,61.53
2007/12/31,4659,61.83
2008/1/2,3911,61.85
2008/1/3,2277,56.71
2008/1/4,2893,53.56
2008/1/7,4598,49.8
2008/1/8,7879,48.75
2008/1/9,8134,51.29
2008/1/10,8722,53.09
2008/1/11,5885,49.28
2008/1/14,17477,50.74
2008/1/15,11896,59.98
2008/1/16,3362,52.96
2008/1/17,-4935,54.72
2008/1/18,-3821,60.21
2008/1/21,-2887,58.8
2008/1/22,-8,48.64
2008/1/23,2083,48.05
2008/1/24,4416,46.54
2008/1/25,7773,49.4
2008/1/28,6074,47.23
2008/1/29,4519,47.28
2008/1/30,5477,48.19
2008/1/31,7358,45.95
2008/2/1,9818,51.25
2008/2/12,11311,50.09
2008/2/13,13139,49.96
2008/2/14,15071,53.24
2008/2/15,12675,57.02
2008/2/18,9367,60.55
2008/2/19,8149,64.87
2008/2/20,5950,60.1
2008/2/21,9610,57
2008/2/22,10322,57.84
2008/2/25,10973,59.54
2008/2/26,12105,57.58
2008/2/27,14890,59.62
2008/2/29,12967,60.97
2008/3/3,16053,63.48
2008/3/4,15943,64.33
2008/3/5,13034,67.79
2008/3/6,12931,68.84
2008/3/7,8203,72.26
2008/3/10,4388,70.76
2008/3/11,4029,68.15
2008/3/12,4813,64.86
2008/3/13,5276,66.26
2008/3/14,5671,65.65
2008/3/17,6239,68.04
2008/3/18,3060,63.52
2008/3/19,386,54
2008/3/20,-226,54.94
2008/3/21,-1771,65.67
2008/3/24,-4330,82.94
2008/3/25,-10183,84.49
2008/3/26,-12191,83.79
2008/3/27,-19368,79.48
2008/3/28,-18337,79.19
2008/3/31,-17685,79.23
2008/4/1,-17444,76.76
2008/4/2,-11862,76.94
2008/4/3,-10399,77.27
2008/4/7,-10247,78.47
2008/4/8,-9530,79.99
2008/4/9,-6236,80.4
2008/4/10,-6200,85.14
2008/4/11,-3556,88.58
2008/4/14,-4267,88.09
2008/4/15,-5366,97.31
2008/4/16,-5316,96.14
2008/4/17,-2155,95.73
2008/4/18,-3762,94.08
2008/4/21,-6039,93.35
2008/4/22,-7182,96.78
2008/4/23,-10675,96.26
2008/4/24,-8661,99.02
2008/4/25,-8228,97.03
2008/4/28,-6408,94.45
2008/4/29,-9064,92.89
2008/4/30,-8794,95.01
2008/5/2,-7575,89.61
2008/5/5,-9372,89.21
2008/5/6,-11091,84.16
2008/5/7,-9695,82.98
2008/5/8,-11374,81.79
2008/5/9,-10866,82.12
2008/5/12,-9644,78.64
2008/5/13,-7879,79.21
2008/5/14,-8112,83.06
2008/5/15,-7550,89.27
2008/5/16,-8660,90.89
2008/5/19,-12537,92.23
2008/5/20,-17013,89.09
2008/5/21,-17228,102.77
2008/5/22,-13745,98.94
2008/5/23,-14937,95.88
2008/5/26,-15627,91.36
2008/5/27,-15911,87.86
2008/5/28,-13219,82.68
2008/5/29,-12681,79.6
2008/5/30,-10769,76.93
2008/6/2,-10571,75.07
2008/6/3,-10512,72.58
2008/6/4,-9555,71.47
2008/6/5,-8732,71.93
2008/6/6,-7896,71.94
2008/6/9,-7414,69.17
2008/6/10,-4699,63.24
2008/6/11,-2993,63.81
2008/6/12,-2557,54.74
2008/6/13,825,55.74
2008/6/16,2303,53.99
2008/6/17,1901,52.2
2008/6/18,5224,85.42
2008/6/19,-3289,83.24
2008/6/20,-2292,81.61
2008/6/23,-2945,78.07
2008/6/24,-2313,73.58
2008/6/25,-5454,70.41
2008/6/26,-3745,67.79
2008/6/27,1193,55.77
2008/6/30,-683,53.97
2008/7/1,-3017,49.62
2008/7/2,-5064,44.93
2008/7/3,-4463,43.65
2008/7/4,-2498,42.75
2008/7/7,-1130,44.11
2008/7/8,5420,40.35
2008/7/9,5393,42.95
2008/7/10,6161,42.38
2008/7/11,4309,47.11
2008/7/14,-2921,47.71
2008/7/15,-780,43.48
2008/7/16,1874,42.78
2008/7/17,-2738,41.48
2008/7/18,1568,40.48
2008/7/21,-135,42.21
2008/7/22,-1315,42.22
2008/7/23,-4359,46.9
2008/7/24,-2251,49.37
2008/7/25,-3903,46.65
2008/7/29,-1574,44.82
2008/7/30,-841,45.52
2008/7/31,1985,48.25
2008/8/1,-117,49.65
2008/8/4,7,48.71
2008/8/5,-2594,45.68
2008/8/6,-1815,47.76
2008/8/7,-1739,50.39
2008/8/8,-3155,56.14
2008/8/11,-1489,61.49
2008/8/12,-2151,60.54
2008/8/13,-5319,60.41
2008/8/14,-5854,61.8
2008/8/15,-5608,61.48
2008/8/18,-5081,52.55
2008/8/19,-686,52.05
2008/8/20,583,42.78
2008/8/21,2093,44.47
2008/8/22,1982,45.25
2008/8/25,2001,47.37
2008/8/26,2468,47.33
2008/8/27,770,47.2
2008/8/28,-849,46.31
2008/8/29,-660,45.11
2008/9/1,-1087,45.92
2008/9/2,2727,44.91
2008/9/3,2857,44.65
2008/9/4,1144,39.75
2008/9/5,2969,36.28
2008/9/8,4316,42.88
2008/9/9,7357,41
2008/9/10,2615,39.85
2008/9/11,7213,38.75
2008/9/12,8138,36.89
2008/9/15,11509,33.66
2008/9/16,15294,28.93
2008/9/17,16732,44.26
2008/9/18,3393,42.35
2008/9/19,5063,46.62
2008/9/22,9125,51.94
2008/9/23,5079,56.51
2008/9/24,6392,58.54
2008/9/25,5437,58.07
2008/9/26,7109,54.47
2008/9/30,11920,48.51
2008/10/1,15587,49.13
2008/10/2,17290,48.69
2008/10/3,14544,47.53
2008/10/6,16655,43.43
2008/10/7,16521,42.07
2008/10/8,17996,36.59
2008/10/9,18004,34.32
2008/10/13,19244,29.7
2008/10/14,15555,31.77
2008/10/15,14498,43.84
2008/10/16,12661,48.01
2008/10/17,15613,46.3
2008/10/20,20950,47.65
2008/10/21,24552,46.48
2008/10/22,24758,42.13
2008/10/23,27143,38.13
2008/10/24,28325,38.17
2008/10/27,32977,38.3
2008/10/28,32520,41.46
2008/10/29,32660,43.71
2008/10/30,30284,46.92
2008/10/31,28893,55.68
2008/11/3,28276,58.56
2008/11/4,26582,58.24
2008/11/5,27792,59.22
2008/11/6,31954,57
2008/11/7,37400,54.05
2008/11/10,38987,56.55
2008/11/11,41604,55.67
2008/11/12,41612,52.52
2008/11/13,43744,48.85
2008/11/14,44543,49.88
2008/11/17,45241,48.91
2008/11/18,47001,45.49
2008/11/19,49523,51.04
2008/11/20,41412,49.47
2008/11/21,41861,49.65
2008/11/24,43332,49.94
2008/11/25,43030,54.23
2008/11/26,45176,52.84
2008/11/27,40866,56.22
2008/11/28,41204,56.28
2008/12/1,34469,62.42
2008/12/2,36398,62.41
2008/12/3,39199,62.71
2008/12/4,40488,61.33
2008/12/5,41240,61.23
2008/12/8,39695,66.76
2008/12/9,33743,66.83
2008/12/10,31304,76.65
2008/12/11,26403,77.77
2008/12/12,25827,72.5
2008/12/15,22154,78
2008/12/16,19654,82.69
2008/12/17,18284,70.14
2008/12/18,12027,67.64
2008/12/19,13139,71.79
2008/12/22,12298,70.96
2008/12/23,12125,61.86
2008/12/24,13839,61.29
2008/12/25,13668,59.86
2008/12/26,13442,59.52
2008/12/29,14508,59.13
2008/12/30,12135,67.32
2008/12/31,13060,65.54
2009/1/5,11435,66.79
2009/1/6,12294,68.42
2009/1/7,14821,70.11
2009/1/8,15009,64.57
2009/1/9,18302,64.13
2009/1/10,20010,61.26
2009/1/12,21086,61.01
2009/1/13,20833,63
2009/1/14,21242,64.69
2009/1/15,26370,60.78
2009/1/16,31320,59.62
2009/1/17,32073,58.92
2009/1/19,31141,58.87
2009/1/20,32335,58.57
2009/1/21,34206,84.45
2009/2/2,35686,79.82
2009/2/3,34903,89.52
2009/2/4,35622,89.13
2009/2/5,37178,88.13
2009/2/6,36589,91.99
2009/2/9,37369,99.69
2009/2/10,39261,103.17
2009/2/11,39853,109.85
2009/2/12,41779,104.48
2009/2/13,43102,107.3
2009/2/16,42221,112.3
2009/2/17,43328,112.02
2009/2/18,41106,111.31
2009/2/19,41593,82.09
2009/2/20,41920,84.45
2009/2/23,43616,84.61
2009/2/24,41716,86.47
2009/2/25,41423,88.34
2009/2/26,41028,88.2
2009/2/27,42402,88.9
2009/3/2,39690,89.54
2009/3/3,42205,89.67
2009/3/4,41894,95.46
2009/3/5,40243,98.99
2009/3/6,42648,102.09
2009/3/9,40495,101.24
2009/3/10,40018,98.82
2009/3/11,38830,107.52
2009/3/12,37735,109.39
2009/3/13,33249,128.64
2009/3/16,28227,143.47
2009/3/17,25370,156.97
2009/3/18,29530,105.87
2009/3/19,29685,110.76
2009/3/20,29559,109.7
2009/3/23,28035,110.91
2009/3/24,26653,119.25
2009/3/25,22030,127.6
2009/3/26,19304,127.27
2009/3/27,19394,123.77
2009/3/30,18909,114.19
2009/3/31,19132,108.54
2009/4/1,18599,115.24
2009/4/2,18491,131.1
2009/4/3,17115,138.15
2009/4/6,16902,138.3
2009/4/7,17757,131.91
2009/4/8,18044,124.25
2009/4/9,18205,137.23
2009/4/10,16169,158.98
2009/4/13,14861,173.15
2009/4/14,10372,180.25
2009/4/15,15971,177.93
2009/4/16,12486,120.81
2009/4/17,13567,122.04
2009/4/20,13848,116.4
2009/4/21,10769,117.36
2009/4/22,12214,129.13
2009/4/23,14453,132.15
2009/4/24,12427,137.68
2009/4/27,9919,120.49
2009/4/28,11282,108.59
2009/4/29,10587,101.6
2009/4/30,11436,132.13
2009/5/4,11314,163.95
2009/5/5,2264,169.85
2009/5/6,-1871,165.88
2009/5/7,-225,156.82
2009/5/8,-2605,155.7
2009/5/11,-657,152.67
2009/5/12,-4145,136.95
2009/5/13,-3754,137.4
2009/5/14,-3071,141.54
2009/5/15,-410,141.56
2009/5/18,3090,142.17
2009/5/19,432,159.82
2009/5/20,4550,128.01
2009/5/21,5302,125.18
2009/5/22,6170,130.42
2009/5/25,6074,134.04
2009/5/26,6600,132.55
2009/5/27,8104,144.22
2009/6/1,6418,141.93
2009/6/2,3072,139.06
2009/6/3,1612,128.99
2009/6/4,-2865,117.6
2009/6/5,-2489,110.79
2009/6/6,-2502,113.83
2009/6/8,-3031,109.35
2009/6/9,-7100,95.71
2009/6/10,-6566,90.33
2009/6/11,-5625,90.05
2009/6/12,-2485,90.14
2009/6/15,27,80.11
2009/6/16,-137,76.13
2009/6/17,2595,78.83
2009/6/18,2216,90.29
2009/6/19,2366,88.28
2009/6/22,2858,88.36
2009/6/23,4924,93.45
2009/6/24,2009,95.22
2009/6/25,3691,93.99
2009/6/26,4017,94.28
2009/6/29,4960,92.54
2009/6/30,5422,89.15
2009/7/1,5869,94.24
2009/7/2,4951,100.15
2009/7/3,4180,104.95
2009/7/6,4882,105.61
2009/7/7,4188,110
2009/7/8,2537,109.85
2009/7/9,-907,113.88
2009/7/10,833,115.01
2009/7/13,-466,107.71
2009/7/14,524,110.61
2009/7/15,3401,106.37
2009/7/16,3370,113.66
2009/7/17,4088,115.7
2009/7/20,4464,118.72
2009/7/21,6317,117.91
2009/7/22,6616,121.66
2009/7/23,6851,122.98
2009/7/24,5914,126.07
2009/7/27,6546,127.51
2009/7/28,8404,132.69
2009/7/29,6185,132.28
2009/7/30,5105,128.84
2009/7/31,5078,133.06
2009/8/3,2058,135.49
2009/8/4,4510,134.39
2009/8/5,6237,132.91
2009/8/6,6368,125.49
2009/8/10,6450,123.14
2009/8/11,6989,120.98
2009/8/12,6462,119.24
2009/8/13,9590,126.25
2009/8/14,9397,131.02
2009/8/17,6998,128.93
2009/8/18,4858,110.99
2009/8/19,8697,109.35
2009/8/20,7576,119.31
2009/8/21,9709,120.13
2009/8/24,13652,124.3
2009/8/25,14957,125.66
2009/8/26,16038,121.79
2009/8/27,16183,124.42
2009/8/28,15973,126
2009/8/31,17467,124.79
2009/9/1,18759,135.15
2009/9/2,15503,140.9
2009/9/3,15987,147.92
2009/9/4,16697,158.69
2009/9/7,15660,167.68
2009/9/8,14095,173.64
2009/9/9,14420,170.74
2009/9/10,3869,187.89
2009/9/11,3145,198.54
2009/9/14,4204,191.95
2009/9/15,3488,192.53
2009/9/16,2795,130.33
2009/9/17,-785,125.63
2009/9/18,789,131.97
2009/9/21,1204,126.52
2009/9/22,1152,124.1
2009/9/23,362,121.47
2009/9/24,1129,117.69
2009/9/25,2888,116.84
2009/9/28,2553,114.79
2009/9/29,1524,114.21
2009/9/30,942,114.87
2009/10/1,56,120.74
2009/10/2,-4439,118.21
2009/10/5,-1810,116.05
2009/10/6,-890,118.98
2009/10/7,-389,124.24
2009/10/8,-1694,119.64
2009/10/9,-359,121.69
2009/10/12,-991,119.74
2009/10/13,982,118.23
2009/10/14,2824,126.43
2009/10/15,-3001,132.15
2009/10/16,-4731,129.16
2009/10/19,-2792,135.06
2009/10/20,-4510,135.58
2009/10/21,-1355,134.65
2009/10/22,-1762,126.34
2009/10/23,-162,122.2
2009/10/26,1943,117.35
2009/10/27,363,115.78
2009/10/28,-5959,114.68
2009/10/29,-9658,106.15
2009/10/30,-6746,103
2009/11/2,-3703,98.52
2009/11/3,-3809,99.07
2009/11/4,-2326,100.67
2009/11/5,-2145,102.56
2009/11/6,-3677,101.25
2009/11/9,-4318,100.06
2009/11/10,-5288,102.32
2009/11/11,-5615,107.59
2009/11/12,-4881,108.03
2009/11/13,-6800,107.04
2009/11/16,-6239,114.57
2009/11/17,-8187,117.9
2009/11/18,-5460,130.29
2009/11/19,-5625,135.06
2009/11/20,-4730,130.8
2009/11/23,-5664,124.01
2009/11/24,-6138,123.84
2009/11/25,-6019,126.67
2009/11/26,-7838,125.07
2009/11/27,-10086,119.83
2009/11/30,-8750,117.12
2009/12/1,-4991,117.82
2009/12/2,-5951,118.71
2009/12/3,-6882,117.51
2009/12/4,-7015,115.15
2009/12/7,-5152,113.38
2009/12/8,-6098,113.8
2009/12/9,-6281,114.89
2009/12/10,-4702,113.31
2009/12/11,-1792,118.47
2009/12/14,-962,121.34
2009/12/15,-3392,122.73
2009/12/16,853,133.31
2009/12/17,2027,124.76
2009/12/18,2658,119.82
2009/12/21,3249,119.77
2009/12/22,5413,121.63
2009/12/23,5840,119.86
2009/12/24,6916,123.96
2009/12/25,7338,124.57
2009/12/28,6113,130.93
2009/12/29,5193,127.16
2009/12/30,4970,128.2
2009/12/31,2798,132.68
2010/1/4,2645,130.8
2010/1/5,2356,127.23
2010/1/6,3990,138.49
2010/1/7,-3326,137.58
2010/1/8,-4730,137.68
2010/1/11,-2283,140.66
2010/1/12,-3338,140.51
2010/1/13,-6097,134.69
2010/1/14,-6131,136.96
2010/1/15,-6685,140.35
2010/1/18,-9775,140.09
2010/1/19,-11849,132.03
2010/1/20,-5921,112.49
2010/1/21,-13234,104.39
2010/1/22,-18412,95.57
2010/1/25,-20940,95.71
2010/1/26,-15414,79.41
2010/1/27,-15959,78.81
2010/1/28,-13863,84.69
2010/1/29,-12754,78.26
2010/2/1,-12249,73.53
2010/2/2,-6131,70.64
2010/2/3,-6728,70.74
2010/2/4,-4566,71.52
2010/2/5,-2709,59.03
2010/2/6,-3831,56.12
2010/2/8,-749,55.99
2010/2/9,-1217,59.38
2010/2/10,934,61.84
2010/2/22,-3023,65.34
2010/2/23,-3201,95.26
2010/2/24,-2163,94.63
2010/2/25,277,89.21
2010/2/26,-793,86.74
2010/3/1,894,94.07
2010/3/2,92,94.35
2010/3/3,61,92.12
2010/3/4,3376,93.19
2010/3/5,2554,95.84
2010/3/8,4177,101.94
2010/3/9,3975,103.64
2010/3/10,3064,104.27
2010/3/11,2673,104.53
2010/3/12,1335,104.99
2010/3/15,1870,101.27
2010/3/16,3441,103.05
2010/3/17,-124,79.22
2010/3/18,-4059,84.28
2010/3/19,-3214,80.65
2010/3/22,-4018,81.31
2010/3/23,-3210,83.95
2010/3/24,-3999,88.01
2010/3/25,-5949,89.14
2010/3/26,1585,95.9
2010/3/29,124,97.94
2010/3/30,-1095,100.02
2010/3/31,-951,100.25
2010/4/1,-940,100.34
2010/4/2,-546,101.94
2010/4/6,1365,107.28
2010/4/7,-902,108.61
2010/4/8,-2275,107.62
2010/4/9,-3957,105.64
2010/4/12,-6156,105.24
2010/4/13,-6573,99.8
2010/4/14,-4761,100.83
2010/4/15,-3554,103.85
2010/4/16,-4985,101.91
2010/4/19,-7464,91.91
2010/4/20,-3868,93.38
2010/4/21,1345,88.41
2010/4/22,3053,86.67
2010/4/23,3997,89.89
2010/4/26,1537,93.99
2010/4/27,-201,95.44
2010/4/28,-3094,93.8
2010/4/29,268,97.04
2010/4/30,-1956,98.65
2010/5/3,-3824,93.07
2010/5/4,-3630,92.94
2010/5/5,-5406,81.81
2010/5/6,-2265,74
2010/5/7,2,66.19
2010/5/10,3803,68.81
2010/5/11,7401,71.69
2010/5/12,8110,73.64
2010/5/13,8580,80.04
2010/5/14,7212,84.59
2010/5/17,7815,80.74
2010/5/18,6763,79.43
2010/5/19,484,88.55
2010/5/20,2708,83.85
2010/5/21,8021,74.38
2010/5/24,7720,71.56
2010/5/25,8853,64.18
2010/5/26,6172,64.55
2010/5/27,6551,65.26
2010/5/28,9329,69.95
2010/5/31,10981,72.47
2010/6/1,13597,73.39
2010/6/2,16423,71.98
2010/6/3,18538,78.2
2010/6/4,17096,81.55
2010/6/7,19682,74.13
2010/6/8,19505,74.13
2010/6/9,20192,70.58
2010/6/10,18679,69.62
2010/6/11,15752,73.02
2010/6/14,16082,76.18
2010/6/15,13417,81.73
2010/6/17,10957,87.36
2010/6/18,11282,75.24
2010/6/21,10010,79.73
2010/6/22,8549,83.28
2010/6/23,3493,85.09
2010/6/24,3928,84.45
2010/6/25,4796,80.51
2010/6/28,6463,79.32
2010/6/29,3440,81.06
2010/6/30,7569,75.89
2010/7/1,7698,76.13
2010/7/2,9112,72.96
2010/7/5,9817,75.47
2010/7/6,7678,83.65
2010/7/7,8215,86.97
2010/7/8,6696,88.79
2010/7/9,7211,92.53
2010/7/12,8409,95.84
2010/7/13,9459,94.55
2010/7/14,10475,104.7
2010/7/15,9822,108.26
2010/7/16,9617,107.82
2010/7/19,7376,109.79
2010/7/20,6777,113.58
2010/7/21,6620,74.18
2010/7/22,7436,79.48
2010/7/23,8065,85.67
2010/7/26,7082,87.96
2010/7/27,2139,88.7
2010/7/28,8085,91.88
2010/7/29,6234,96.95
2010/7/30,8197,99.03
2010/8/2,8127,106.23
2010/8/3,7024,115.79
2010/8/4,7524,117.26
2010/8/5,5669,116
2010/8/6,5060,118.92
2010/8/9,7123,128.33
2010/8/10,4967,131.32
2010/8/11,4142,126.39
2010/8/12,1932,123.54
2010/8/13,2949,130.38
2010/8/16,4017,133.23
2010/8/17,5527,137.26
2010/8/18,2842,94
2010/8/19,4209,97.86
2010/8/20,3511,98.2
2010/8/23,2849,102.59
2010/8/24,-462,107.36
2010/8/25,-2557,104.11
2010/8/26,-1742,97.93
2010/8/27,-1640,94.99
2010/8/30,1011,99.18
2010/8/31,355,92.36
2010/9/1,1789,90.3
2010/9/2,3425,95.87
2010/9/3,5344,100.29
2010/9/6,5191,109.63
2010/9/7,6438,111.33
2010/9/8,5519,107.97
2010/9/9,3883,110.27
2010/9/10,5268,113.91
2010/9/13,796,135.59
2010/9/14,1101,146.21
2010/9/15,660,121.26
2010/9/16,-3487,124.06
2010/9/17,-4221,118.35
2010/9/20,-3392,115.08
2010/9/21,-6226,113.38
2010/9/23,-5712,114.24
2010/9/24,-8547,114.64
2010/9/27,-9717,121.58
2010/9/28,-6539,122.71
2010/9/29,-8521,129.01
2010/9/30,-7406,130.04
2010/10/1,-9036,132.16
2010/10/4,-9935,134.83
2010/10/5,-8460,133.84
2010/10/6,-8668,140.78
2010/10/7,-8984,142.52
2010/10/8,-10897,140.56
2010/10/11,-10456,138.86
2010/10/12,-9575,127.58
2010/10/13,-8443,127.43
2010/10/14,-7672,134.74
2010/10/15,-8688,133.88
2010/10/18,-11059,119.84
2010/10/19,-10522,115.84
2010/10/20,-3773,119.99
2010/10/21,-5511,120.02
2010/10/22,-2271,118.3
2010/10/25,-1708,115.84
2010/10/26,-1985,122.75
2010/10/27,-433,129.21
2010/10/28,-661,137.97
2010/10/29,-1053,134.66
2010/11/1,-1355,134.88
2010/11/2,-4830,130.19
2010/11/3,-5759,125.59
2010/11/4,-6443,125.52
2010/11/5,-8440,130.01
2010/11/8,-9904,126.56
2010/11/9,-8827,125.47
2010/11/10,-10347,125.91
2010/11/11,-11676,126.13
2010/11/12,-13963,121.04
2010/11/15,-13193,112.17
2010/11/16,-10456,116.95
2010/11/17,-9441,113.18
2010/11/18,-13624,106.36
2010/11/19,-13107,105.75
2010/11/22,-10251,110.84
2010/11/23,-10671,111.26
2010/11/24,-11502,111.1
2010/11/25,-11005,114.36
2010/11/26,-10082,118.59
2010/11/29,-4992,114.64
2010/11/30,-2390,121.06
2010/12/1,-148,124.77
2010/12/2,-4269,138.5
2010/12/3,-2146,147.07
2010/12/6,-3318,155.1
2010/12/7,-4695,154.13
2010/12/8,-3985,155.67
2010/12/9,-8003,154.91
2010/12/10,-11586,152.48
2010/12/13,-10425,156.33
2010/12/14,-14755,156.98
2010/12/15,-3312,110.7
2010/12/16,-6120,109.84
2010/12/17,-4692,109.63
2010/12/20,-5734,112.34
2010/12/21,-4285,112.01
2010/12/22,-5421,111.69
2010/12/23,-4617,114.43
2010/12/24,-7111,114.95
2010/12/27,-8706,116.9
2010/12/28,-9843,116.73
2010/12/29,-10176,117.6
2010/12/30,-10751,119.04
2010/12/31,-11426,124.55
2011/1/3,-12611,128.13
2011/1/4,-14207,126.3
2011/1/5,-15303,117.69
2011/1/6,-15135,114.87
2011/1/7,-11883,113.53
2011/1/10,-9186,113.55
2011/1/11,-7542,116.19
2011/1/12,-11930,119.64
2011/1/13,-12340,122.77
2011/1/14,-12655,122.21
2011/1/17,-14739,117.19
2011/1/18,-15003,120.58
2011/1/19,-6522,103.59
2011/1/20,-9557,105.18
2011/1/21,-11890,102.93
2011/1/24,-11236,101.76
2011/1/25,-12344,104.61
2011/1/26,-9456,106.55
2011/1/27,-10440,104.83
2011/1/28,-12201,108.59
2011/2/8,-16836,109.21
2011/2/9,-21273,108.28
2011/2/10,-26440,98.57
2011/2/11,-19987,79.39
2011/2/14,-16296,78.41
2011/2/15,-12142,80.67
2011/2/16,-12433,85.54
2011/2/17,-8085,97.04
2011/2/18,-8682,101.32
2011/2/21,-8023,102.94
2011/2/22,-5299,94.95
2011/2/23,-5160,88.63
2011/2/24,-3835,85.42
2011/2/25,-5146,81.17
2011/3/1,-3553,87.44
2011/3/2,-532,92.15
2011/3/3,219,97.49
2011/3/4,1449,101.35
2011/3/7,726,99.18
2011/3/8,-418,100.45
2011/3/9,2209,102.47
2011/3/10,-2529,95.72
2011/3/11,-800,88.09
2011/3/14,1589,84.06
2011/3/15,13704,68.3
2011/3/16,5695,101.82
2011/3/17,7287,101.28
2011/3/18,6601,103.57
2011/3/21,9183,106.76
2011/3/22,11294,107.89
2011/3/23,13994,111.22
2011/3/24,15183,113.01
2011/3/25,18932,116.95
2011/3/28,18312,117.76
2011/3/29,18233,117.62
2011/3/30,19113,116.96
2011/3/31,20066,116.66
2011/4/1,20860,117.28
2011/4/6,20657,126.66
2011/4/7,20448,130.41
2011/4/8,16653,131.19
2011/4/11,17957,133.95
2011/4/12,16238,124.62
2011/4/13,16210,125.73
2011/4/14,12141,129.17
2011/4/15,13094,127.63
2011/4/18,16023,126.72
2011/4/19,10419,120.43
2011/4/20,10708,117.81
2011/4/21,9674,123.34
2011/4/22,5940,115.02
2011/4/25,4853,116.73
2011/4/26,5197,116.35
2011/4/27,4062,122.4
2011/4/28,3983,117.97
2011/4/29,3047,115.23
2011/5/3,718,113.88
2011/5/4,413,112.24
2011/5/5,1743,120.07
2011/5/6,1351,118.68
2011/5/9,953,122.29
2011/5/10,-961,116.55
2011/5/11,-2624,112.52
2011/5/12,-950,113.32
2011/5/13,-1714,114.7
2011/5/16,-4241,111.87
2011/5/17,-5852,108.45
2011/5/18,-7746,109.16
2011/5/19,-6583,117.13
2011/5/20,-3902,111.84
2011/5/23,-4191,108.89
2011/5/24,-6275,107.21
2011/5/25,-4436,105.67
2011/5/26,-4439,108.43
2011/5/27,-2058,110.37
2011/5/30,798,110.42
2011/5/31,4675,124.88
2011/6/1,5987,125.21
2011/6/2,6046,118.62
2011/6/3,3331,120.85
2011/6/7,2068,119.48
2011/6/8,1300,119.82
2011/6/9,1183,122.65
2011/6/10,-2864,110.24
2011/6/13,-979,97.58
2011/6/14,-1212,104.75
2011/6/15,-8300,101.79
2011/6/16,-7810,109.09
2011/6/17,-8509,108.1
2011/6/20,-6409,107.25
2011/6/21,-9889,105.48
2011/6/22,-9922,102.4
2011/6/23,-11857,101.81
2011/6/24,-17430,96.64
2011/6/27,-17714,92.78
2011/6/28,-16430,93.08
2011/6/29,-14218,97.73
2011/6/30,-12779,100.38
2011/7/1,-10430,101.69
2011/7/4,-7761,101.77
2011/7/5,-5672,99.81
2011/7/6,-2141,104.59
2011/7/7,-3755,103.62
2011/7/8,-3459,104.79
2011/7/11,-3386,101.74
2011/7/12,-8332,90.97
2011/7/13,-8877,89.31
2011/7/14,-9824,89.29
2011/7/15,-10418,94
2011/7/18,-10518,95.01
2011/7/19,-9097,96.4
2011/7/20,-8246,103.75
2011/7/21,-8893,103.82
2011/7/22,-7729,108.31
2011/7/25,-10452,108.74
2011/7/26,-7493,110.99
2011/7/27,-6208,111.66
2011/7/28,-7956,114.53
2011/7/29,-11296,111.77
2011/8/1,-15444,109.07
2011/8/2,-16348,104.77
2011/8/3,-18569,93.95
2011/8/4,-25045,84.15
2011/8/5,-15757,63.36
2011/8/8,-834,53.15
2011/8/9,-2202,54.75
2011/8/10,197,55.72
2011/8/11,1296,60.57
2011/8/12,5950,62.37
2011/8/15,7239,65.77
2011/8/16,8483,66.39
2011/8/17,-3880,64.16
2011/8/18,1141,84.45
2011/8/19,6626,85.93
2011/8/22,7277,90.65
2011/8/23,1242,94.56
2011/8/24,-110,93.25
2011/8/25,174,92.6
2011/8/26,2707,91.46
2011/8/29,-1785,91.75
2011/8/30,2473,90.95
2011/8/31,4156,88.54
2011/9/1,6901,92.81
2011/9/2,5787,91.59
2011/9/5,7987,86.9
2011/9/6,8826,84.7
2011/9/7,5552,84.99
2011/9/8,5926,86.99
2011/9/9,7432,84.27
2011/9/13,6685,79.34
2011/9/14,10196,77.32
2011/9/15,9629,78.85
2011/9/16,10030,88.46
2011/9/19,9025,89.05
2011/9/20,8212,89.95
2011/9/21,4406,105.79
2011/9/22,4113,107.5
2011/9/23,1384,97.79
2011/9/26,3214,91.62
2011/9/27,5878,93.02
2011/9/28,5182,95.89
2011/9/29,7293,98.97
2011/9/30,8297,103.81
2011/10/3,10768,98.07
2011/10/4,11604,97.68
2011/10/5,5369,96.74
2011/10/6,8019,98.01
2011/10/7,6077,99.28
2011/10/11,6169,105.53
2011/10/12,3502,104.57
2011/10/13,446,104.31
2011/10/14,1303,104.45
2011/10/17,-22,104.51
2011/10/18,-129,101.94
2011/10/19,1860,100.41
2011/10/20,-1200,82.32
2011/10/21,-726,82.19
2011/10/24,3070,89.59
2011/10/25,4038,89.06
2011/10/26,5109,91.45
2011/10/27,4240,92.92
2011/10/28,4799,94.53
2011/10/31,5162,92.03
2011/11/1,8158,91.95
2011/11/2,4649,91.05
2011/11/3,38,89.79
2011/11/4,621,92.03
2011/11/7,1238,92.59
2011/11/8,1400,93.33
2011/11/9,3052,94.12
2011/11/10,-2680,81.8
2011/11/11,-3143,80.71
2011/11/14,-176,87.64
2011/11/15,1049,87.08
2011/11/16,-4788,87.53
2011/11/17,-3994,86.6
2011/11/18,-10052,84.84
2011/11/21,-13161,78.02
2011/11/22,-15458,79.98
2011/11/23,-17079,74.74
2011/11/24,-21755,71.76
2011/11/25,-19429,70.32
2011/11/28,-16641,69.84
2011/11/29,-16939,68.95
2011/11/30,-11365,68.93
2011/12/1,-13639,76.03
2011/12/2,-16799,77.24
2011/12/5,-18200,76.15
2011/12/6,-14462,72.73
2011/12/7,-13078,72.49
2011/12/8,-14137,71.72
2011/12/9,-11128,69.05
2011/12/12,-11055,69.77
2011/12/13,-8968,69.07
2011/12/14,-10786,70.37
2011/12/15,-14326,66.15
2011/12/16,-12274,65.44
2011/12/19,-10673,61.37
2011/12/20,-8546,61.78
2011/12/21,-7011,77.26
2011/12/22,-6862,75.72
2011/12/23,-6166,77.8
2011/12/26,-7541,77.64
2011/12/27,-7847,77.19
2011/12/28,-7715,79.07
2011/12/29,-7760,79.44
2011/12/30,-11902,81.63
2012/1/2,-12311,81.42
2012/1/3,-8443,86.49
2012/1/4,-5341,92.31
2012/1/5,-3486,95.07
2012/1/6,-2804,97.77
2012/1/9,-2577,98.93
2012/1/10,2256,104.34
2012/1/11,930,103.86
2012/1/12,2306,104.03
2012/1/13,-581,103.54
2012/1/16,-1824,100.75
2012/1/17,1684,104.09
2012/1/18,4034,105.47
2012/1/30,5301,108.99
2012/1/31,6136,106.33
2012/2/1,11475,111.46
2012/2/2,10306,116.71
2012/2/3,10316,117.45
2012/2/4,11590,123.25
2012/2/6,11982,120.23
2012/2/7,15117,120.54
2012/2/8,13501,127.94
2012/2/9,11282,131.71
2012/2/10,8512,131.42
2012/2/13,9867,131.52
2012/2/14,7155,125.91
2012/2/15,11738,101.24
2012/2/16,10632,102.21
2012/2/17,8422,101.12
2012/2/20,6777,101.14
2012/2/21,7757,101.88
2012/2/22,8415,105.13
2012/2/23,6643,101.53
2012/2/24,6477,102.97
2012/2/29,15409,109.59
2012/3/1,13521,112.1
2012/3/2,9598,109.45
2012/3/3,9561,108.72
2012/3/5,5022,105.72
2012/3/6,2595,100.55
2012/3/7,6381,101.23
2012/3/8,5641,105.68
2012/3/9,5664,105.47
2012/3/12,6200,102.36
2012/3/13,12356,103.96
2012/3/14,10789,109.23
2012/3/15,8548,110.46
2012/3/16,5176,107.81
2012/3/19,7272,106.23
2012/3/20,5935,102.42
2012/3/21,8925,112.05
2012/3/22,15147,112.04
2012/3/23,9603,106.83
2012/3/26,2137,104.02
2012/3/27,8701,105.94
2012/3/28,12406,105.66
2012/3/29,917,102.98
2012/3/30,-489,100.06
2012/4/2,2280,99.11
2012/4/3,-4418,91.58
2012/4/5,-7258,83.46
2012/4/6,-2725,86.74
2012/4/9,2392,85.86
2012/4/10,4591,83.85
2012/4/11,6481,83.21
2012/4/12,2404,82.07
2012/4/13,5991,84.88
2012/4/16,7534,83.38
2012/4/17,82,77.22
2012/4/18,6070,111.52
2012/4/19,9203,111.49
2012/4/20,5417,108.44
2012/4/23,6164,101.41
2012/4/24,9784,105.05
2012/4/25,8552,108.67
2012/4/26,5653,109.68
2012/4/27,4630,106.31
2012/4/30,3334,103.35
2012/5/2,7049,109.42
2012/5/3,5413,110.18
2012/5/4,6409,113.07
2012/5/7,540,100.7
2012/5/8,1621,96.81
2012/5/9,-114,89.97
2012/5/10,1415,87.02
2012/5/11,-3289,84.53
2012/5/14,1769,83.25
2012/5/15,3363,83.69
2012/5/16,1754,111.42
2012/5/17,1482,111.31
2012/5/18,2943,108.8
2012/5/21,6818,102.69
2012/5/22,4103,105.17
2012/5/23,4513,105.32
2012/5/24,3075,105.77
2012/5/25,1783,105.26
2012/5/28,2629,107.77
2012/5/29,7472,117.34
2012/5/30,1358,115.72
2012/5/31,3984,113.1
2012/6/1,4945,111.35
2012/6/4,9322,98.2
2012/6/5,11827,99.79
2012/6/6,11819,104.63
2012/6/7,10889,105.01
2012/6/8,11056,104.24
2012/6/11,9324,105.16
2012/6/12,11221,102.59
2012/6/13,10400,104.8
2012/6/14,11008,104.22
2012/6/15,12952,107.43
2012/6/18,9847,114.49
2012/6/19,8478,114.45
2012/6/20,8488,101.59
2012/6/21,6839,104.66
2012/6/22,-1158,104.65
2012/6/25,-7352,101.68
2012/6/26,-4035,97.34
2012/6/27,-2050,100.03
2012/6/28,-318,101.25
2012/6/29,3454,105.81
2012/7/2,2561,108.34
2012/7/3,9747,113.75
2012/7/4,11199,117.37
2012/7/5,11603,116.32
2012/7/6,8992,112.38
2012/7/9,8695,108
2012/7/10,3367,103.26
2012/7/11,3107,102.69
2012/7/12,-4081,90.13
2012/7/13,-4604,88.93
2012/7/16,-8154,85.74
2012/7/17,-4991,90.65
2012/7/18,-8770,98.08
2012/7/19,721,98.39
2012/7/20,-950,99.8
2012/7/23,-4840,93.18
2012/7/24,-5026,93.62
2012/7/25,-1211,92.4
2012/7/26,-998,92.66
2012/7/27,2765,98.35
2012/7/30,7794,100.52
2012/7/31,8562,108.89
2012/8/1,12660,113.64
2012/8/3,10066,105.05
2012/8/6,4372,106.12
2012/8/7,5179,102.79
2012/8/8,15090,105.01
2012/8/9,20507,115.8
2012/8/10,19939,115.72
2012/8/13,19377,112.97
2012/8/14,14280,118.1
2012/8/15,11903,97.78
2012/8/16,12078,97.27
2012/8/17,7236,97.43
2012/8/20,10539,98.13
2012/8/21,12583,99.13
2012/8/22,10380,99.24
2012/8/23,9348,100.33
2012/8/24,10358,99.13
2012/8/27,3763,98.84
2012/8/28,5184,94.1
2012/8/29,6187,95.42
2012/8/30,9670,95.68
2012/8/31,8580,97.07
2012/9/3,9625,97.94
2012/9/4,7166,98.21
2012/9/5,100,94.77
2012/9/6,2187,93.24
2012/9/7,-439,94.33
2012/9/10,5583,100.3
2012/9/11,7838,103.32
2012/9/12,9680,107.32
2012/9/13,8180,105.61
2012/9/14,8055,121.53
2012/9/17,4424,126.02
2012/9/18,9249,130.02
2012/9/19,7478,111.52
2012/9/20,7190,110.41
2012/9/21,6173,107.82
2012/9/24,8760,107.83
2012/9/25,5768,106.5
2012/9/26,5259,102.46
2012/9/27,5745,101.89
2012/9/28,4346,99.17
2012/10/1,5376,100.76
2012/10/2,6888,101.82
2012/10/3,4051,99.93
2012/10/4,2330,94.36
2012/10/5,1423,94.42
2012/10/8,281,91.57
2012/10/9,-840,91.47
2012/10/11,-6978,79.92
2012/10/12,-7439,74.93
2012/10/15,-5644,74.07
2012/10/16,-8516,76.15
2012/10/17,-4463,96.33
2012/10/18,-2836,94.16
2012/10/19,-6037,92.98
2012/10/22,-3329,90.81
2012/10/23,-6312,90.11
2012/10/24,-4020,89.75
2012/10/25,-7082,88.62
2012/10/26,-8060,84.58
2012/10/29,-2025,86.63
2012/10/30,-3020,88.91
2012/10/31,-6903,89.44
2012/11/1,-7555,82.05
2012/11/2,-7004,82.04
2012/11/5,-6145,81.32
2012/11/6,-6178,82.71
2012/11/7,-8086,84.98
2012/11/8,-4616,84.91
2012/11/9,-2038,88.3
2012/11/12,-5139,88.14
2012/11/13,-9282,81.9
2012/11/14,-2528,82
2012/11/15,-1768,80.17
2012/11/16,-4488,80.52
2012/11/19,-5651,79.82
2012/11/20,-5036,81.9
2012/11/21,-1240,103.76
2012/11/22,2385,104.73
2012/11/23,8048,109.01
2012/11/26,3915,110.8
2012/11/27,6604,112.96
2012/11/28,8582,113.44
2012/11/29,15090,121.16
2012/11/30,16379,125.4
2012/12/3,13603,125.67
2012/12/4,11124,125.36
2012/12/5,12734,127.92
2012/12/6,12910,128.03
2012/12/7,12828,129.99
2012/12/10,12526,125.59
2012/12/11,14234,125.56
2012/12/12,14015,133.17
2012/12/13,10932,135.7
2012/12/14,6679,129.21
2012/12/17,5465,120.5
2012/12/18,6194,119.34
2012/12/19,6338,106.31
2012/12/20,3248,100.06
2012/12/21,2859,96.17
2012/12/22,2665,96.86
2012/12/24,4494,98.05
2012/12/25,2202,104.67
2012/12/26,-570,102.04
2012/12/27,-156,100.64
2012/12/28,111,101.96
2013/1/2,2735,108.43
2013/1/3,-1121,113.14
2013/1/4,-1545,110.68
2013/1/7,-3215,107.12
2013/1/8,-5085,102.37
2013/1/9,1160,107.4
2013/1/10,2262,112.24
2013/1/11,-4156,112
2013/1/14,-3760,112.49
2013/1/15,-5635,106.82
2013/1/16,-204,102.75
2013/1/17,2582,95.34
2013/1/18,1381,98.26
2013/1/21,1165,98.93
2013/1/22,4337,104.8
2013/1/23,130,103.42
2013/1/24,-567,98.18
2013/1/25,-4252,93.69
2013/1/28,1400,99.88
2013/1/29,6555,109.21
2013/1/30,4482,113.01
2013/1/31,7091,107.24
2013/2/1,5044,107.16
2013/2/4,2617,109.03
2013/2/5,-1434,103.32
2013/2/6,-1203,105.59
2013/2/18,1895,110.49
2013/2/19,4065,113.57
2013/2/20,7675,109.91
2013/2/21,6780,110.49
2013/2/22,5946,111.38
2013/2/23,5675,111.67
2013/2/25,4254,108.48
2013/2/26,6487,105.74
2013/2/27,5984,114.78
2013/3/1,4919,116.54
2013/3/4,-677,109.88
2013/3/5,5416,111.89
2013/3/6,3835,108.66
2013/3/7,6324,107.22
2013/3/8,10470,114.64
2013/3/11,8080,117.87
2013/3/12,7633,111.32
2013/3/13,6176,110
2013/3/14,2420,104.94
2013/3/15,-367,101.72
2013/3/18,-993,91.03
2013/3/19,-590,92.66
2013/3/20,1923,90.87
2013/3/21,2112,95.72
2013/3/22,4025,97.9
2013/3/25,5119,105
2013/3/26,3459,111.64
2013/3/27,5952,105.98
2013/3/28,5823,107.23
2013/3/29,10147,117.66
2013/4/1,9015,116.27
2013/4/2,9479,114.85
2013/4/3,8301,109.95
2013/4/8,-9150,92.39
2013/4/9,-8854,89.41
2013/4/10,-7983,93.19
2013/4/11,132,104.35
2013/4/12,336,103.42
2013/4/15,3773,99.93
2013/4/16,1402,100.5
2013/4/17,2820,102.96
2013/4/18,7566,112.63
2013/4/19,17959,125.3
2013/4/22,15559,125.14
2013/4/23,14054,124.87
2013/4/24,12051,120.75
2013/4/25,14419,119.67
2013/4/26,16643,124.57
2013/4/29,21402,125.28
2013/4/30,20109,130.83
2013/5/2,23394,127.19
2013/5/3,20503,129.54
2013/5/6,19405,131.44
2013/5/7,22157,124.81
2013/5/8,22155,133.61
2013/5/9,19058,143.27
2013/5/10,15799,134.12
2013/5/13,15457,127.53
2013/5/14,16450,128.29
2013/5/15,15819,89.42
2013/5/16,12206,95.39
2013/5/17,9484,96.9
2013/5/20,8332,96.88
2013/5/21,11020,101.13
2013/5/22,6643,99.97
2013/5/23,1976,92.25
2013/5/24,2242,92.14
2013/5/27,5494,98.13
2013/5/28,3602,98.73
2013/5/29,7667,113.93
2013/5/30,3378,102.22
2013/5/31,-1461,101.76
2013/6/3,5938,98.6
2013/6/4,314,96.15
2013/6/5,2894,99.08
2013/6/6,-4792,93.52
2013/6/7,-5593,93.71
2013/6/10,-4157,98.17
2013/6/11,-4261,97.2
2013/6/13,-11700,83.42
2013/6/14,-11171,79.91
2013/6/17,-8789,82.75
2013/6/18,-7920,85.59
2013/6/19,-8061,97.17
2013/6/20,-12608,91.01
2013/6/21,-14309,89.48
2013/6/24,-16069,89.12
2013/6/25,-16172,86.13
2013/6/26,-14583,89.34
2013/6/27,-15187,93.48
2013/6/28,-4125,103.27
2013/7/1,-1876,114
2013/7/2,-2510,113.54
2013/7/3,-2532,100
2013/7/4,-2453,99.16
2013/7/5,965,109.96
2013/7/8,-5474,99.3
2013/7/9,664,106.91
2013/7/10,4492,111.09
2013/7/11,3993,141.8
2013/7/12,1587,146.76
2013/7/15,-15,154.73
2013/7/16,-2729,154.67
2013/7/17,2381,114.66
2013/7/18,-682,114.65
2013/7/19,-4914,97.41
2013/7/22,-576,99.76
2013/7/23,1126,109.26
2013/7/24,994,102.7
2013/7/25,2834,103.84
2013/7/26,1201,102.04
2013/7/29,891,94.05
2013/7/30,6306,102.18
2013/7/31,-2026,98.12
2013/8/1,-5497,93.17
2013/8/2,-6137,93.96
2013/8/5,-2512,97.27
2013/8/6,-12602,88.22
2013/8/7,-13801,82.58
2013/8/8,-15842,79.32
2013/8/9,-16289,75.84
2013/8/12,-14188,79.2
2013/8/13,-11658,85.68
2013/8/14,-16946,79.14
2013/8/15,-16426,76.22
2013/8/16,-12818,79.07
2013/8/19,-15954,78.64
2013/8/20,-18369,74.87
2013/8/22,-11940,99.9
2013/8/23,-8482,103.6
2013/8/26,-8915,109.31
2013/8/27,-7870,103.69
2013/8/28,-3754,104.03
2013/8/29,986,113.45
2013/8/30,-7,118.6
2013/9/2,2725,124.86
2013/9/3,-462,126.36
2013/9/4,-784,115.46
2013/9/5,709,122.77
2013/9/6,3186,128.45
2013/9/9,3547,128.45
2013/9/10,5862,135.03
2013/9/11,3589,133.94
2013/9/12,4412,134.41
2013/9/13,2095,134.32
2013/9/14,3598,134.45
2013/9/16,6506,143.19
2013/9/17,4908,140.83
2013/9/18,1526,99.61
2013/9/23,4778,105.98
2013/9/24,4448,109.86
2013/9/25,1026,109.68
2013/9/26,1093,104.42
2013/9/27,2309,107.6
2013/9/30,3958,106.2
2013/10/1,2548,109.53
2013/10/2,6086,112.97
2013/10/3,10572,123.39
2013/10/4,5646,121.09
2013/10/7,2111,116.57
2013/10/8,4462,120.54
2013/10/9,4721,118.92
2013/10/11,1132,120.33
2013/10/14,70,116.24
2013/10/15,-738,114.6
2013/10/16,791,104.3
2013/10/17,-1460,105.11
2013/10/18,1431,105.09
2013/10/21,-2303,104.02
2013/10/22,2419,103.66
2013/10/23,-3488,98.84
2013/10/24,1107,101.65
2013/10/25,-3783,100.57
2013/10/28,933,105.74
2013/10/29,5732,107.86
2013/10/30,7011,107.64
2013/10/31,11173,107.88
2013/11/1,4820,105.68
2013/11/4,-969,100.32
2013/11/5,-2979,94.5
2013/11/6,-5618,98.87
2013/11/7,-6768,98.44
2013/11/8,-6072,96.91
2013/11/11,-10683,91.13
2013/11/12,-11973,90.01
2013/11/13,-16282,85.23
2013/11/14,-16639,83.27
2013/11/15,-15523,86.22
2013/11/18,-11587,87.86
2013/11/19,-4409,92.79
2013/11/20,-9931,105.1
2013/11/21,-17133,92.79
2013/11/22,-15518,95.61
2013/11/25,-9393,102.24
2013/11/26,-2070,108.26
2013/11/27,1474,103.78
2013/11/28,1271,109.38
2013/11/29,4639,112.85
2013/12/2,2438,111.22
2013/12/3,2506,109.52
2013/12/4,2903,107.91
2013/12/5,-2287,104.32
2013/12/6,-2227,106.32
2013/12/9,-5107,113.4
2013/12/10,-3559,111.39
2013/12/11,-2892,109.06
2013/12/12,-1912,108.03
2013/12/13,-5507,113.94
2013/12/16,-7137,110.04
2013/12/17,-6257,113.1
2013/12/18,-8087,115.03
2013/12/19,-7074,110.82
2013/12/20,-3462,114.41
2013/12/23,-4545,117.77
2013/12/24,-2475,116.32
2013/12/25,-1872,114.14
2013/12/26,-2401,114.55
2013/12/27,-881,115.29
2013/12/30,-1036,122.27
2013/12/31,-2194,121.37
2014/1/2,405,114.98
2014/1/3,-5448,107.53
2014/1/6,-5800,103.31
2014/1/7,-4884,104.49
2014/1/8,-7048,110.3
2014/1/9,-11959,105.62
2014/1/10,-8647,106.32
2014/1/13,-10558,111.35
2014/1/14,-11901,111.55
2014/1/15,-8050,107.68
2014/1/16,-10308,103.88
2014/1/17,-12209,105.14
2014/1/20,-10295,106.26
2014/1/21,-13433,104.85
2014/1/22,-10873,104.51
2014/1/23,-14807,105.55
2014/1/24,-8657,102.98
2014/1/27,-14158,93.23
2014/2/5,-16711,85.17
2014/2/6,-16059,84.67
2014/2/7,-13881,89.2
2014/2/10,-13536,92.15
2014/2/11,-7437,94.94
2014/2/12,-4973,93.91
2014/2/13,-2377,94.97
2014/2/14,1485,102.87
2014/2/17,549,103.27
2014/2/18,2629,107.17
2014/2/19,7318,121.6
2014/2/20,5403,115.3
2014/2/21,8257,120.11
2014/2/24,9001,121.6
2014/2/25,11409,121
2014/2/26,16342,123.91
2014/2/27,18254,122.87
2014/3/3,12549,119.07
2014/3/4,9876,116.64
2014/3/5,12381,125.06
2014/3/6,18919,129.82
2014/3/7,21706,128.33
2014/3/10,19473,127.71
2014/3/11,18289,128.64
2014/3/12,13634,123.52
2014/3/13,17432,130.18
2014/3/14,14385,127.22
2014/3/17,11448,128.94
2014/3/18,8716,133.28
2014/3/19,10118,113.2
2014/3/20,1724,112.76
2014/3/21,3710,111.88
2014/3/24,6405,112.02
2014/3/25,9584,121.35
2014/3/26,12067,122
2014/3/27,16846,124.42
2014/3/28,14806,127.92
2014/3/31,12443,131.06
2014/4/1,17574,137.81
2014/4/2,15108,132.32
2014/4/3,17368,130.62
2014/4/7,20984,132
2014/4/8,20908,134.09
2014/4/9,20709,140.66
2014/4/10,18582,141.02
2014/4/11,21281,137.85
2014/4/14,21476,136.39
2014/4/15,24566,141.69
2014/4/16,20819,113.83
2014/4/17,21387,121.42
2014/4/18,19318,123.39
2014/4/21,20179,125.04
2014/4/22,22954,126.11
2014/4/23,20363,125.56
2014/4/24,21926,125.93
2014/4/25,14446,111.62
2014/4/28,21683,113.66
2014/4/29,20154,121.32
2014/4/30,17578,123.92
2014/5/2,22408,128.84
2014/5/5,17071,129.78
2014/5/6,17945,134.19
2014/5/7,16977,127.93
2014/5/8,18174,133.63
2014/5/9,11971,129.25
2014/5/12,12356,122.7
2014/5/13,16110,122.81
2014/5/14,21261,130.66
2014/5/15,17653,129.57
2014/5/16,17331,129.28
2014/5/19,17778,129.67
2014/5/20,21558,133.23
2014/5/21,23174,122.78
2014/5/22,28349,127.53
2014/5/23,28689,131.82
2014/5/26,27351,132.55
2014/5/27,27517,133.22
2014/5/28,30718,130.19
2014/5/29,25001,133.16
2014/5/30,25121,131.75
2014/6/3,22207,130.05
2014/6/4,23312,138.64
2014/6/5,21568,138.08
2014/6/6,20012,141.2
2014/6/9,21338,143.11
2014/6/10,22138,155.24
2014/6/11,20136,153.58
2014/6/12,19205,155.62
2014/6/13,18010,154.13
2014/6/16,17867,155.09
2014/6/17,17776,165.78
2014/6/18,12174,127.76
2014/6/19,12089,133.78
2014/6/20,7157,128.36
2014/6/23,9744,124.52
2014/6/24,7752,125.94
2014/6/25,9158,130.9
2014/6/26,11992,140.18
2014/6/27,10230,136.66
2014/6/30,14034,145.21
2014/7/1,10719,153.34
2014/7/2,5053,145.35
2014/7/3,7274,148.1
2014/7/4,2585,143.82
2014/7/7,5363,142.99
2014/7/8,8308,147.81
2014/7/9,8430,151.66
2014/7/10,7599,159.72
2014/7/11,2645,151.5
2014/7/14,3310,156.56
2014/7/15,-1144,159.31
2014/7/16,242,126.53
2014/7/17,-2570,119.44
2014/7/18,2020,114.91
2014/7/21,1059,117.49
2014/7/22,5132,125.25
2014/7/24,2002,123.25
2014/7/25,-3587,118.71
2014/7/28,986,120.03
2014/7/29,-2029,114.27
2014/7/30,3009,126.19
2014/7/31,-7020,117.15
2014/8/1,-6129,109.05
2014/8/4,-8561,109.79
2014/8/5,-17406,94.36
2014/8/6,-9451,95.45
2014/8/7,-11934,94.39
2014/8/8,-7101,91.63
2014/8/11,-13362,96.59
2014/8/12,-12494,95.96
2014/8/13,-5519,100.86
2014/8/14,-7727,101.33
2014/8/15,-8952,101.58
2014/8/18,-15096,96.6
2014/8/19,-5085,106.98
2014/8/20,-3235,122.64
2014/8/21,-7085,114.11
2014/8/22,-516,131.46
2014/8/25,-4537,131.4
2014/8/26,-5631,131.52
2014/8/27,-2241,134.45
2014/8/28,-2989,132.58
2014/8/29,-2338,126.4
2014/9/1,-6268,130.14
2014/9/2,-13907,110.51
2014/9/3,-10193,119.05
2014/9/4,-11401,115.78
2014/9/5,-13187,112.07
2014/9/9,-10648,113.55
2014/9/10,-16138,107.68
2014/9/11,-16889,104.22
2014/9/12,-16967,94.09
2014/9/15,-13472,90.85
2014/9/16,-17801,84.07
2014/9/17,-11882,87.49
2014/9/18,-14617,89.07
2014/9/19,-17714,92.21
2014/9/22,-21472,84.65
2014/9/23,-16993,83.85
2014/9/24,-19383,88.2
2014/9/25,-27364,80.85
2014/9/26,-20338,79.89
2014/9/29,-23402,78.27
2014/9/30,-26886,77.84
2014/10/1,-24770,80.72
2014/10/2,-25242,85.48
2014/10/3,-24710,94.9
2014/10/6,-33866,94.55
2014/10/7,-30239,89.12
2014/10/8,-25670,86.37
2014/10/9,-23134,84.3
2014/10/13,-21409,71.82
2014/10/14,-19015,72.74
2014/10/15,-20392,92.59
2014/10/16,-19535,91.46
2014/10/17,-19427,86.71
2014/10/20,-13010,92.19
2014/10/21,-11701,92.8
2014/10/22,-10846,99.58
2014/10/23,-10538,102.03
2014/10/24,-13883,95.54
2014/10/27,-7463,96.27
2014/10/28,-3384,108.14
2014/10/29,-4084,109.3
2014/10/30,-6747,107.2
2014/10/31,-6620,114.72
2014/11/3,-7877,117.33
2014/11/4,-4836,119.32
2014/11/5,-6044,113.53
2014/11/6,-6687,105.52
2014/11/7,-5075,105.28
2014/11/10,2715,116.62
2014/11/11,-5270,114.51
2014/11/12,-8763,102.89
2014/11/13,-2057,105.67
2014/11/14,-1184,106.71
2014/11/17,1550,105.82
2014/11/18,-506,99.64
2014/11/19,7427,104.76
2014/11/20,13035,118.11
2014/11/21,7813,113.9
2014/11/24,6033,116.07
2014/11/25,7752,117.06
2014/11/26,6649,117.52
2014/11/27,10709,123.23
2014/11/28,9165,125.02
2014/12/1,8970,115.38
2014/12/2,-721,105.91
2014/12/3,7397,122.47
2014/12/4,2304,122.39
2014/12/5,3112,120.79
2014/12/8,-2517,117.37
2014/12/9,-914,111.03
2014/12/10,-6706,104.64
2014/12/11,-2632,105.84
2014/12/12,-3260,107.16
2014/12/15,-291,103.45
2014/12/16,-5732,101.15
2014/12/17,-8893,98.62
2014/12/18,-7209,101.38
2014/12/19,5332,111.57
2014/12/22,10107,120
2014/12/23,9180,122.51
2014/12/24,10169,118.11
2014/12/25,10485,116.92
2014/12/26,10212,114.87
2014/12/27,9768,115.84
2014/12/29,14488,123.69
2014/12/30,10873,118.23
2014/12/31,11833,120.06
2015/1/5,11506,121.96
2015/1/6,3689,100.04
2015/1/7,5661,113.31
2015/1/8,13181,128.33
2015/1/9,5038,124.67
2015/1/12,10089,122.44
2015/1/13,13879,125.51
2015/1/14,8399,128.92
2015/1/15,9353,124.8
2015/1/16,8723,121.15
2015/1/19,10176,121.61
2015/1/20,15020,131.68
2015/1/21,15297,117.87
2015/1/22,16788,124.8
2015/1/23,19341,125.25
2015/1/26,20940,126.46
2015/1/27,18132,126.24
2015/1/28,21545,121.25
2015/1/29,14990,114.61
2015/1/30,14089,111.52
2015/2/2,17002,111.26
2015/2/3,16231,114.11
2015/2/4,16123,122.57
2015/2/5,17515,120.26
2015/2/6,11077,111.83
2015/2/9,14694,110.24
2015/2/10,9047,105.82
2015/2/11,12482,120.46
2015/2/12,9678,119.78
2015/2/13,14130,124.76
2015/2/24,17761,124.26
2015/2/25,20883,127.52
2015/2/26,16863,118.9
2015/3/2,11612,114.67
2015/3/3,7825,113.38
2015/3/4,11208,116.7
2015/3/5,8002,115.09
2015/3/6,10015,116.56
2015/3/9,6213,110.99
2015/3/10,4344,105
2015/3/11,10874,108.26
2015/3/12,13611,114.34
2015/3/13,9298,113.85
2015/3/16,7400,108.37
2015/3/17,6567,111.75
2015/3/18,18964,113.17
2015/3/19,17626,120.36
2015/3/20,13030,119.28
2015/3/23,11305,120.5
2015/3/24,9319,117.87
2015/3/25,5887,114.7
2015/3/26,5204,109.27
2015/3/27,-3745,102.13
2015/3/30,-2444,100.84
2015/3/31,-2139,102.61
2015/4/1,-1981,106.72
2015/4/2,4123,112.08
2015/4/7,1043,114.55
2015/4/8,-3112,110.86
2015/4/9,1379,107.45
2015/4/10,2410,111.04
2015/4/13,-162,111.51
2015/4/14,-1414,111.38
2015/4/15,-4088,106.02
2015/4/16,7643,110.14
2015/4/17,-632,104.61
2015/4/20,570,105.72
2015/4/21,-5113,103.27
2015/4/22,5491,105.45
2015/4/23,11460,113.64
2015/4/24,5216,114.21
2015/4/27,9180,116.51
2015/4/28,5701,114.22
2015/4/29,6835,106.86
2015/4/30,3813,100.56
2015/5/4,2044,101.01
2015/5/5,-673,97.9
2015/5/6,-1828,104.66
2015/5/7,-8366,96.89
2015/5/8,-11874,92.54
2015/5/11,-15987,90.14
2015/5/12,-16232,88.51
2015/5/13,-14452,94.22
2015/5/14,-22830,85.28
2015/5/15,-17995,81.29
2015/5/18,-17690,78.36
2015/5/19,-12850,84.57
2015/5/20,-15935,87.97
2015/5/21,-18044,82.42
2015/5/22,-12788,87.85
2015/5/25,-9782,87.4
2015/5/26,-9926,91.32
2015/5/27,-4587,90.75
2015/5/28,-1116,95.22
2015/5/29,-5845,91.87
2015/6/1,-10907,84.33
2015/6/2,-6795,82.56
2015/6/3,-17841,81.35
2015/6/4,-25170,71.39
2015/6/5,-20749,72.3
2015/6/8,-21339,74.19
2015/6/9,-18146,69.69
2015/6/10,-18481,75.25
2015/6/11,-19138,75.22
2015/6/12,-16578,76.59
2015/6/15,-14803,75.52
2015/6/16,-14302,72.51
2015/6/17,-10374,73.68
2015/6/18,-8474,75.82
2015/6/22,-4643,88.99
2015/6/23,-5381,92.42
2015/6/24,829,84.1
2015/6/25,2890,90.23
2015/6/26,-701,89.61
2015/6/29,-1885,80.33
2015/6/30,2961,84.1
2015/7/1,6133,89.15
2015/7/2,3067,85.8
2015/7/3,3660,88.46
2015/7/6,1933,84.89
2015/7/7,4844,86.28
2015/7/8,-6820,73.05
2015/7/9,-7146,68.52
2015/7/13,-3407,73.04
2015/7/14,-254,73.8
2015/7/15,356,81.94
2015/7/16,-3112,85.02
2015/7/17,-466,85.45
2015/7/20,-3103,82.79
2015/7/21,1163,87.32
2015/7/22,-7197,85.93
2015/7/23,-10730,77.17
2015/7/24,-10157,74.44
2015/7/27,-6666,67.71
2015/7/28,-9847,68.52
2015/7/29,-11407,71.11
2015/7/30,-5995,77.38
2015/7/31,-10212,76.11
2015/8/3,-6316,72.1
2015/8/4,-4092,73.18
2015/8/5,-4514,72.13
2015/8/6,-8910,67.39
2015/8/7,-3623,68.1
2015/8/10,-4818,70.38
2015/8/11,-1964,69.85
2015/8/12,683,64.48
2015/8/13,-3864,64.24
2015/8/14,-973,64.75
2015/8/17,-3355,60.46
2015/8/18,-884,55.37
2015/8/19,-616,66.4
2015/8/20,3906,65.45
2015/8/21,7990,61.81
2015/8/24,24613,50.17
2015/8/25,25845,58.89
2015/8/26,24374,62.31
2015/8/27,23375,65.96
2015/8/28,27639,81.76
2015/8/31,21603,91.28
2015/9/1,20389,92.66
2015/9/2,24386,83.43
2015/9/3,20761,86.34
2015/9/4,23711,87.51
2015/9/7,24062,88.42
2015/9/8,24511,88.79
2015/9/9,24915,102.57
2015/9/10,14370,104.45
2015/9/11,13601,106.52
2015/9/14,11725,103.43
2015/9/15,10385,101.9
2015/9/16,17304,89.35
2015/9/17,20431,102.23
2015/9/18,17456,111.26
2015/9/21,15683,103.23
2015/9/22,19462,106.89
2015/9/23,17852,99.72
2015/9/24,19559,98.37
2015/9/25,21283,100.07
2015/9/30,23248,100.97
2015/10/1,23766,118.84
2015/10/2,20606,122.9
2015/10/5,19056,121.59
2015/10/6,20037,122.96
2015/10/7,24960,122.68
2015/10/8,23267,121.67
2015/10/12,25369,130.75
2015/10/13,23611,130.82
2015/10/14,23263,130.85
2015/10/15,24141,141
2015/10/16,20945,138.94
2015/10/19,20965,138.05
2015/10/20,20965,143.03
2015/10/21,19113,101.19
2015/10/22,24538,105.89
2015/10/23,22318,107.25
2015/10/26,23367,110.28
2015/10/27,20759,106.02
2015/10/28,17910,100.31
2015/10/29,18509,93.01
2015/10/30,21405,92.45
2015/11/2,22073,94.72
2015/11/3,26205,111.09
2015/11/4,23586,117.96
2015/11/5,20995,116
2015/11/6,15420,99.87
2015/11/9,15826,91.68
2015/11/10,14026,86.11
2015/11/11,12628,82.88
2015/11/12,15880,81.58
2015/11/13,13767,80.51
2015/11/16,17657,77.27
2015/11/17,18651,82.94
2015/11/18,16202,88.07
2015/11/19,19684,98.46
2015/11/20,17206,101.39
2015/11/23,17703,107.23
2015/11/24,18457,98.29
2015/11/25,19733,93.5
2015/11/26,24133,103.65
2015/11/27,19254,96.31
2015/11/30,14481,85.42
2015/12/1,22673,95.1
2015/12/2,21733,96.11
2015/12/3,22605,98.31
2015/12/4,20132,96.44
2015/12/7,20201,103.22
2015/12/8,12177,94
2015/12/9,10132,90.74
2015/12/10,10451,86.67
2015/12/11,14299,82.78
2015/12/14,19938,81.47
2015/12/15,17200,83.51
2015/12/16,18679,102.86
2015/12/17,19031,111.21
2015/12/18,17005,112.2
2015/12/21,18515,111.1
2015/12/22,17355,108.3
2015/12/23,20913,104.92
2015/12/24,22824,108.37
2015/12/25,24931,113.37
2015/12/28,24133,111.95
2015/12/29,19235,103.15
2015/12/30,15592,105.69
2015/12/31,20204,111.95
2016/1/4,17820,95.65
2016/1/5,22832,92.51
2016/1/6,20180,96.74
2016/1/7,17881,84.77
2016/1/8,16618,87.87
2016/1/11,19279,83.59
2016/1/12,20834,82.83
2016/1/13,23366,86.86
2016/1/14,23648,86.98
2016/1/15,23211,86.93
2016/1/18,25108,88.21
2016/1/19,16938,93.26
2016/1/20,16472,93.74
2016/1/21,22829,99.49
2016/1/22,24108,110.64
2016/1/25,24070,121.56
2016/1/26,23506,116.32
2016/1/27,26285,107.14
2016/1/28,30220,117.48
2016/1/29,31010,138.83
2016/1/30,30156,151.8
2016/2/1,23470,141.06
2016/2/2,23712,134.91
2016/2/3,23991,124.97
2016/2/15,27574,122.91
2016/2/16,30278,139.14
2016/2/17,30819,110.22
2016/2/18,30108,126.36
2016/2/19,33069,134.68
2016/2/22,28111,128.92
2016/2/23,30696,129.08
2016/2/24,31954,116.08
2016/2/25,37831,133.78
2016/2/26,33721,135.9
2016/3/1,36114,147.23
2016/3/2,31698,142.6
2016/3/3,34357,150.05
2016/3/4,34445,153.18
2016/3/7,34249,155.92
2016/3/8,36799,156.11
2016/3/9,38343,146.64
2016/3/10,38384,158
2016/3/11,39301,166.19
2016/3/14,33955,165.42
2016/3/15,34511,143.52
2016/3/16,41727,132.48
2016/3/17,41111,130.71
2016/3/18,40943,140.7
2016/3/21,39461,135.48
2016/3/22,44819,131.22
2016/3/23,45322,130.22
2016/3/24,46546,128.83
2016/3/25,45559,121.32
2016/3/28,44840,115.94
2016/3/29,43103,104.05
2016/3/30,53673,127.08
2016/3/31,48615,120.11
2016/4/1,46407,110.15
2016/4/6,38704,108.7
2016/4/7,42484,106.06
2016/4/8,45739,112.16
2016/4/11,48269,113.73
2016/4/12,48886,116.91
2016/4/13,51666,126.31
2016/4/14,47211,124.33
2016/4/15,49727,130.96
2016/4/18,43138,125.16
2016/4/19,41302,118.59
2016/4/20,40572,117.56
2016/4/21,50168,122.75
2016/4/22,51736,125.06
2016/4/25,54979,128.19
2016/4/26,56541,135.23
2016/4/27,55657,125.6
2016/4/28,39475,104.87
2016/4/29,36895,95.6
2016/5/3,33903,87.29
2016/5/4,31300,90.04
2016/5/5,24506,88.6
2016/5/6,26677,87.01
2016/5/9,28281,86.35
2016/5/10,27379,90.08
2016/5/11,22800,86.51
2016/5/12,24526,89.78
2016/5/13,28756,81.86
2016/5/16,31965,86.96
2016/5/17,29198,94.25
2016/5/18,31760,122.1
2016/5/19,28765,117.9
2016/5/20,37302,129.19
2016/5/23,38007,158.51
2016/5/24,30754,146.7
2016/5/25,35330,129.38
2016/5/26,36213,132.1
2016/5/27,40096,139.38
2016/5/30,38810,147.28
2016/5/31,39258,142.24
2016/6/1,46843,147.12
2016/6/2,47441,144.56
2016/6/3,47002,144.61
2016/6/4,47902,145.31
2016/6/6,49007,144.34
2016/6/7,54146,160.1
2016/6/8,54509,168.26
2016/6/13,48480,145.41
2016/6/14,52243,154.87
2016/6/15,48675,116.8
2016/6/16,51740,112.65
2016/6/17,58573,130.45
2016/6/20,55490,140.56
2016/6/21,54234,144.24
2016/6/22,54664,133.35
2016/6/23,54190,129.25
2016/6/24,56217,109.72
2016/6/27,61305,119.82
2016/6/28,58659,125.92
2016/6/29,61242,141.39
2016/6/30,65879,148.35
2016/7/1,68784,163
2016/7/4,63896,167.36
2016/7/5,64732,164.61
2016/7/6,58842,137.35
2016/7/7,63570,147.07
2016/7/11,62780,171.36
2016/7/12,65213,184.68
2016/7/13,68142,168.32
2016/7/14,68992,171.5
2016/7/15,71483,186.89
2016/7/18,68199,194.2
2016/7/19,66178,183.58
2016/7/20,62570,113.83
2016/7/21,63183,113.15
2016/7/22,62440,109.51
2016/7/25,62723,98.25
2016/7/26,68545,107.28
2016/7/27,65261,109.88
2016/7/28,69100,111.93
2016/7/29,68040,107.41
2016/8/1,73551,115.84
2016/8/2,67456,114.99
2016/8/3,69489,111.65
2016/8/4,67624,109.47
2016/8/5,71065,118.94
2016/8/8,67193,121.87
2016/8/9,69632,123.97
2016/8/10,70272,126.6
2016/8/11,67733,117.29
2016/8/12,71521,123.18
2016/8/15,69607,122.1
2016/8/16,69004,116.34
2016/8/17,66866,113.3
2016/8/18,70480,116.14
2016/8/19,66380,107.27
2016/8/22,72439,99.29
2016/8/23,79904,109.48
2016/8/24,76346,119.22
2016/8/25,86678,132.91
2016/8/26,80883,132.89
2016/8/29,76061,122.11
2016/8/30,75247,121.77
2016/8/31,77446,119.13
2016/9/1,75795,115.12
2016/9/2,77888,117.83
2016/9/5,87576,137.96
2016/9/6,89627,152.59
2016/9/7,93210,149.63
2016/9/8,85709,149.05
2016/9/9,74990,128.7
2016/9/10,76107,114.27
2016/9/12,73958,106.71
2016/9/13,71549,102.84
2016/9/14,72170,119.75
2016/9/19,81668,146.29
2016/9/20,77321,149.58
2016/9/21,74697,123.11
2016/9/22,74580,123.29
2016/9/23,79931,134.41
2016/9/26,78059,124.98
2016/9/29,85479,141.45
2016/9/30,80506,141.78
2016/10/3,82179,152.23
2016/10/4,86497,162.6
2016/10/5,87122,139.18
2016/10/6,87317,138.59
2016/10/7,88151,144.5
2016/10/11,82682,137.97
2016/10/12,91702,145.26
2016/10/13,80697,132.16
2016/10/14,79415,128.54
2016/10/17,76859,119.36
2016/10/18,81789,128.57
2016/10/19,83969,118.06
2016/10/20,85303,132.14
2016/10/21,86725,141.3
2016/10/24,90319,144.8
2016/10/25,93108,158.62
2016/10/26,86928,131.71
2016/10/27,82740,125.53
2016/10/28,82558,129.87
2016/10/31,82657,132.06
2016/11/1,79355,126.37
2016/11/2,70983,112.57
2016/11/3,65244,106.67
2016/11/4,64751,106.39
2016/11/7,68521,113.18
2016/11/8,68706,119.81
2016/11/9,65464,105.8
2016/11/10,66840,113.32
2016/11/11,59851,96.01
2016/11/14,62188,90.81
2016/11/15,66536,93.47
2016/11/16,62492,116.21
2016/11/17,63031,122.21
2016/11/18,65880,127.91
2016/11/21,66202,131.37
2016/11/22,75023,147.47
2016/11/23,76712,129.05
2016/11/24,73690,129.53
2016/11/25,76090,135.58
2016/11/28,81199,142.2
2016/11/29,78237,138.59
2016/11/30,80059,132.7
2016/12/1,80187,140.52
2016/12/2,70867,128.32
2016/12/5,72431,128.11
2016/12/6,80146,145.17
2016/12/7,75084,142.51
2016/12/8,79303,157.16
2016/12/9,82745,165.44
2016/12/12,77411,161.62
2016/12/13,77646,160.76
2016/12/14,74907,152.71
2016/12/15,72743,152.07
2016/12/16,64298,149.12
2016/12/19,65807,140.03
2016/12/20,60420,130.93
2016/12/21,58091,102.84
2016/12/22,53984,96.65
2016/12/23,53014,91.61
2016/12/26,52885,92.41
2016/12/27,52148,93.8
2016/12/28,56693,111.2
2016/12/29,60045,114.18
2016/12/30,62603,118.18
2017/1/3,59418,113.94
2017/1/4,57267,113.79
2017/1/5,64545,119.21
2017/1/6,66163,120.61
2017/1/9,62300,113.61
2017/1/10,65297,112.87
2017/1/11,63241,114.88
2017/1/12,71582,118.42
2017/1/13,64937,119.23
2017/1/16,57847,104.61
2017/1/17,63841,112.56
2017/1/18,54625,114.46
2017/1/19,54628,111.64
2017/1/20,59046,126.58
2017/1/23,64540,131.37
2017/1/24,66464,132.69
2017/2/2,62046,109.28
2017/2/3,65443,115.51
2017/2/6,69034,137.28
2017/2/7,70525,144.19
2017/2/8,70049,132.53
2017/2/9,76236,142.77
2017/2/10,78513,158.05
2017/2/13,77485,161.62
2017/2/14,75270,172.98
2017/2/15,72898,137.58
2017/2/16,65850,135.72
2017/2/17,65639,137.42
2017/2/18,65824,134.7
2017/2/20,63705,128.96
2017/2/21,60810,123.62
2017/2/22,58196,129.45
2017/2/23,61620,136.59
2017/2/24,61417,138.86
2017/3/1,52483,127.05
2017/3/2,50915,122.38
2017/3/3,50379,116.24
2017/3/6,54164,120.14
2017/3/7,54790,129.24
2017/3/8,54262,133.74
2017/3/9,45418,125.69
2017/3/10,42792,121.21
2017/3/13,49128,128.36
2017/3/14,50500,138.22
2017/3/15,53023,128.83
2017/3/16,58377,144.24
2017/3/17,57361,148.69
2017/3/20,56840,149.65
2017/3/21,55762,150.17
2017/3/22,53560,124.59
2017/3/23,49791,126.51
2017/3/24,53075,128.34
2017/3/27,57654,130.76
2017/3/28,53629,119.31
2017/3/29,51751,119.68
2017/3/30,53651,129.97
2017/3/31,52033,126.81
2017/4/5,57204,123.71
2017/4/6,50820,130.37
2017/4/7,44722,121.88
2017/4/10,46656,125.71
2017/4/11,46600,121.19
2017/4/12,49919,121.71
2017/4/13,52061,127.89
2017/4/14,45351,118.74
2017/4/17,46200,113.35
2017/4/18,40482,112.15
2017/4/19,37007,114.24
2017/4/20,39163,114.6
2017/4/21,43968,130.63
2017/4/24,41955,128.82
2017/4/25,49942,155.73
2017/4/26,50660,129.54
2017/4/27,51578,137.73
2017/4/28,52950,142.85
2017/5/2,57544,158.73
2017/5/3,57694,145.01
2017/5/4,58463,144.14
2017/5/5,55164,137.28
2017/5/8,53867,136.84
2017/5/9,56108,135.38
2017/5/10,58276,137.66
2017/5/11,59676,141.86
2017/5/12,60020,140.14
2017/5/15,60006,143.1
2017/5/16,58123,142.46
2017/5/17,59788,113.2
2017/5/18,63351,122.57
2017/5/19,59541,126.3
2017/5/22,59370,129.39
2017/5/23,61695,133.43
2017/5/24,62798,120.18
2017/5/25,68817,132.09
2017/5/26,63704,132.23
2017/5/31,57199,122.39
2017/6/1,55317,123.86
2017/6/2,55971,131.78
2017/6/3,56477,133.64
2017/6/5,57366,147.21
2017/6/6,56391,149.58
2017/6/7,57528,135.59
2017/6/8,57140,136.43
2017/6/9,58828,139.44
2017/6/12,58626,122.31
2017/6/13,57040,120.42
2017/6/14,51932,119.1
2017/6/15,51858,115.85
2017/6/16,55454,132.49
2017/6/19,55117,144.55
2017/6/20,55848,163.7
2017/6/21,58800,121.35
2017/6/22,57575,132.99
2017/6/23,56916,138.18
2017/6/26,53627,155.6
2017/6/27,48698,142.09
2017/6/28,49271,114.46
2017/6/29,49276,117.44
2017/6/30,47950,112.97
2017/7/3,46646,112.38
2017/7/4,45437,107.33
2017/7/5,49699,120.89
2017/7/6,44434,116.17
2017/7/7,41246,110.15
2017/7/10,42072,109.36
2017/7/11,44901,125.8
2017/7/12,40244,123.72
2017/7/13,43187,131.68
2017/7/14,41754,131.18
2017/7/17,39875,134.31
2017/7/18,38917,136.62
2017/7/19,43283,129.63
2017/7/20,40670,137.02
2017/7/21,38165,126.75
2017/7/24,43236,127.67
2017/7/25,39387,125.15
2017/7/26,37852,122.75
2017/7/27,45441,139.36
2017/7/28,36167,123.74
2017/7/31,37372,119.56
2017/8/1,35650,129.46
2017/8/2,40674,134.87
2017/8/3,38259,128.24
2017/8/4,39477,133.03
2017/8/7,40724,153.29
2017/8/8,38808,147.2
2017/8/9,37671,127.26
2017/8/10,31882,117.5
2017/8/11,34118,119.55
2017/8/14,36235,115.95
2017/8/15,33730,121.11
2017/8/16,34688,153.36
2017/8/17,39360,163.99
2017/8/18,39750,152.83
2017/8/21,40778,155.27
2017/8/22,44407,173.66
2017/8/23,41738,160.27
2017/8/24,51642,178.03
2017/8/25,50656,186.45
2017/8/28,52389,182.55
2017/8/29,51434,174.39
2017/8/30,54895,167.5
2017/8/31,54319,171.26
2017/9/1,57710,177.81
2017/9/4,59565,176.41
2017/9/5,58036,175.4
2017/9/6,57044,171.35
2017/9/7,57574,161.73
2017/9/8,65711,174.56
2017/9/11,59721,172.96
2017/9/12,61383,180.04
2017/9/13,57355,174.27
2017/9/14,59139,171.27
2017/9/15,62577,162.58
2017/9/18,65191,175.83
2017/9/19,53433,168.27
2017/9/20,54285,188.25
2017/9/21,58142,173.45
2017/9/22,50665,149.12
2017/9/25,48574,125.93
2017/9/26,48571,115.03
2017/9/27,48419,144.79
2017/9/28,44172,133.47
2017/9/29,45631,127.01
2017/9/30,45962,133.39
2017/10/2,50054,142.51
2017/10/3,48381,146.02
2017/10/5,53151,146.22
2017/10/6,52943,149.83
2017/10/11,58567,160.54
2017/10/12,59370,172.7
2017/10/13,57836,178.88
2017/10/16,55780,188.13
2017/10/17,56001,177.04
2017/10/18,57714,171.37
2017/10/19,56876,175.14
2017/10/20,58004,170.1
2017/10/23,55453,169.56
2017/10/24,56330,170.77
2017/10/25,53075,173.09
2017/10/26,53659,174.19
2017/10/27,53047,168.61
2017/10/30,55424,173.54
2017/10/31,54249,183.22
2017/11/1,50792,181.18
2017/11/2,50946,175.59
2017/11/3,48649,174.68
2017/11/6,46919,175.76
2017/11/7,49665,183.67
2017/11/8,46642,181.61
2017/11/9,44498,166.85
2017/11/10,46346,161.39
2017/11/13,46968,157.98
2017/11/14,44412,148.01
2017/11/15,38395,170.64
2017/11/16,39596,163.14
2017/11/17,47274,176.2
2017/11/20,43336,167.96
2017/11/21,45079,191.42
2017/11/22,47559,162.59
2017/11/23,47189,162.8
2017/11/24,46909,164.12
2017/11/27,42452,147.32
2017/11/28,42299,135.07
2017/11/29,42114,156.33
2017/11/30,37178,137.39
2017/12/1,39801,137.31
2017/12/4,40521,137.76
2017/12/5,40346,131.45
2017/12/6,40150,131.82
2017/12/7,39222,126.17
2017/12/8,36618,125.88
2017/12/11,38905,133.01
2017/12/12,39279,126.67
2017/12/13,41694,140.18
2017/12/14,44956,145.13
2017/12/15,39747,135.06
2017/12/18,38194,137.13
2017/12/19,42655,130.34
2017/12/20,45582,157
2017/12/21,43574,154.25
2017/12/22,45169,157.13
2017/12/25,45550,161.75
2017/12/26,43423,134.01
2017/12/27,48815,157.73
2017/12/28,51327,166.37
2017/12/29,48739,180.4
2018/1/2,52142,194.18
2018/1/3,50931,183.92
2018/1/4,51919,178.58
2018/1/5,51706,184.73
2018/1/8,49674,184.02
2018/1/9,53313,182.98
2018/1/10,53725,183.18
2018/1/11,52468,175.91
2018/1/12,55077,192.14
2018/1/15,50994,197.02
2018/1/16,48364,201.63
2018/1/17,52417,154.12
2018/1/18,48666,156.6
2018/1/19,49412,163.35
2018/1/22,42269,174.37
2018/1/23,38665,170.31
2018/1/24,41562,163.07
2018/1/25,46835,166.23
2018/1/26,46788,158.51
2018/1/29,44176,149.24
2018/1/30,48316,136.45
2018/1/31,49683,174.69
2018/2/1,47947,178.88
2018/2/2,44044,168.01
2018/2/5,40149,147.85
2018/2/6,43071,104.55
2018/2/7,48188,141.53
2018/2/8,45939,136.55
2018/2/9,42564,130.84
2018/2/12,42641,129.34
2018/2/21,47776,148.78
2018/2/22,42893,132.38
2018/2/23,47984,141.96
2018/2/26,44048,135.37
2018/2/27,45222,136.35
2018/3/1,45256,146.8
2018/3/2,45748,133.26
2018/3/5,45149,127.63
2018/3/6,47774,136.58
2018/3/7,46274,144.9
2018/3/8,49664,149.5
2018/3/9,48919,145.93
2018/3/12,51104,164.04
2018/3/13,50013,173.75
2018/3/14,47943,165.05
2018/3/15,48460,161.14
2018/3/16,41721,154.97
2018/3/19,43891,159.52
2018/3/20,44253,154.08
2018/3/21,44430,151.19
2018/3/22,45537,137.95
2018/3/23,45385,120.97
2018/3/26,48813,126.71
2018/3/27,46920,141.38
2018/3/28,43066,148.2
2018/3/29,43526,145.13
2018/3/30,48767,149.71
2018/3/31,48786,146.96
2018/4/2,49141,140.6
2018/4/3,47464,135.37
2018/4/9,50160,156.31
2018/4/10,49951,158.38
2018/4/11,48604,161.86
2018/4/12,41572,159.23
2018/4/13,43418,159.84
2018/4/16,41335,153.98
2018/4/17,36713,129.88
2018/4/18,39898,140.85
2018/4/19,50162,148.92
2018/4/20,31033,121.89
2018/4/23,29992,106.66
2018/4/24,28798,94.4
2018/4/25,28994,116.34
2018/4/26,28344,108.9
2018/4/27,32426,110.18
2018/4/30,30875,126.82
2018/5/2,30740,120.13
2018/5/3,27924,109.42
2018/5/4,25264,106.86
2018/5/7,23100,111.8
2018/5/8,29370,123.77
2018/5/9,33858,123.46
2018/5/10,32740,126.11
2018/5/11,40788,139.82
2018/5/14,40106,144.64
2018/5/15,38436,138.19
2018/5/16,42464,147.37
2018/5/17,36955,133.53
2018/5/18,38194,132.25
2018/5/21,41852,149.25
2018/5/22,37998,130.06
2018/5/23,39400,137.87
2018/5/24,41686,141.89
2018/5/25,44997,150.21
2018/5/28,43488,151.75
2018/5/29,42075,139.31
2018/5/30,35407,131.61
2018/5/31,39572,129.89
2018/6/1,44594,143.9
2018/6/4,48393,165.02
2018/6/5,47717,152.87
2018/6/6,55812,155.99
2018/6/7,52517,152.43
2018/6/8,50991,135.11
2018/6/11,50405,132.06
2018/6/12,50212,125.38
2018/6/13,49569,138.41
2018/6/14,43611,123.8
2018/6/15,44957,127.88
2018/6/19,39189,110.74
2018/6/20,35168,108.09
2018/6/21,31277,104.1
2018/6/22,29826,99.68
2018/6/25,29018,93.35
2018/6/26,27416,88.84
2018/6/27,28462,90.92
2018/6/28,26553,98.99
2018/6/29,31845,114.53
2018/7/2,32191,111.59
2018/7/3,28917,106.44
2018/7/4,27654,103.94
2018/7/5,21671,91.77
2018/7/6,24853,90
2018/7/9,30409,101.64
2018/7/10,32616,105.48
2018/7/11,29735,97.05
2018/7/12,34952,110.58
2018/7/13,34736,118.73
2018/7/16,35064,114.81
2018/7/17,33205,112.53
2018/7/18,37039,112.61
2018/7/19,38934,120.52
2018/7/20,44452,131.99
2018/7/23,44600,130.34
2018/7/24,42056,134.82
2018/7/25,44775,122.76
2018/7/26,46895,126.33
2018/7/27,52586,144.2
2018/7/30,51996,130.9
2018/7/31,53812,136.47
2018/8/1,54707,139.2
2018/8/2,53918,106.07
2018/8/3,57828,112.76
2018/8/6,56455,120.75
2018/8/7,56712,116.26
2018/8/8,59923,134.28
2018/8/9,58302,126.2
2018/8/10,55837,123.68
2018/8/13,45108,99.29
2018/8/14,44533,102.87
2018/8/15,34381,104.78
2018/8/16,35395,107.2
2018/8/17,32186,103.9
2018/8/20,34940,104.96
2018/8/21,35310,114.76
2018/8/22,36682,112.06
2018/8/23,39149,114.07
2018/8/24,31988,105.56
2018/8/27,37034,125.49
2018/8/28,41313,131.52
2018/8/29,48299,134.92
2018/8/30,53587,131.42
2018/8/31,46483,126.17
2018/9/3,46922,114.07
2018/9/4,46513,123.58
2018/9/5,47029,132.76
2018/9/6,47569,123.87
2018/9/7,46326,115.03
2018/9/10,33834,100.22
2018/9/11,28729,100.49
2018/9/12,25207,111.28
2018/9/13,20618,107.59
2018/9/14,32438,124.46
2018/9/17,22706,117.03
2018/9/18,24628,111.29
2018/9/19,28886,115.49
2018/9/20,22549,108.42
2018/9/21,28762,127.31
2018/9/25,32340,121.49
2018/9/26,31287,113.79
2018/9/27,37339,112.54
2018/9/28,31973,102.12
2018/10/1,36360,110.44
2018/10/2,21747,91.76
2018/10/3,26888,109.83
2018/10/4,9220,86.58
2018/10/5,7709,74.88
2018/10/8,6769,74.78
2018/10/9,6248,78.1
2018/10/11,16702,72.24
2018/10/12,26347,78.14
2018/10/15,26506,75.61
2018/10/16,27361,81.29
2018/10/17,31951,99.55
2018/10/18,30426,96.85
2018/10/19,34216,94.34
2018/10/22,27930,96.4
2018/10/23,28555,86.55
2018/10/24,31053,94.11
2018/10/25,37646,82.12
2018/10/26,38403,79.97
2018/10/29,40296,82.63
2018/10/30,39332,86.46
2018/10/31,36210,96.92
2018/11/1,33689,98.66
2018/11/2,37977,106.55
2018/11/5,32727,103.55
2018/11/6,31926,103.92
2018/11/7,35658,108.4
2018/11/8,36329,106.78
2018/11/9,32711,99.82
2018/11/12,37805,104.67
2018/11/13,40143,99.31
2018/11/14,40997,109.05
2018/11/15,41665,114.51
2018/11/16,37120,110.88
2018/11/19,38994,111.64
2018/11/20,39327,103.94
2018/11/21,41634,128.64
2018/11/22,40534,120.07
2018/11/23,40255,114.84
2018/11/26,43648,128.2
2018/11/27,36348,119.58
2018/11/28,42363,123.07
2018/11/29,41089,126.76
2018/11/30,36739,120.25
2018/12/3,40176,148.37
2018/12/4,35826,128.98
2018/12/5,35888,108.21
2018/12/6,31173,90.85
2018/12/7,36649,95.75
2018/12/10,36576,98.03
2018/12/11,35134,99.58
2018/12/12,38862,118.14
2018/12/13,41084,117.78
2018/12/14,36484,108.89
2018/12/17,40702,112.32
2018/12/18,39202,101.08
2018/12/19,42433,119.16
2018/12/20,40623,107.1
2018/12/21,39413,107.57
2018/12/22,36362,105.02
2018/12/24,35689,107.7
2018/12/25,35110,94.74
2018/12/26,39145,120.54
2018/12/27,46082,128.01
2018/12/28,47024,132.53
2019/1/2,35769,107.87
2019/1/3,33251,98.21
2019/1/4,29651,92.14
2019/1/7,37763,108.83
2019/1/8,35575,108.17
2019/1/9,44806,120.78
2019/1/10,47243,119.56
2019/1/11,49362,128.15
2019/1/14,44138,119.84
2019/1/15,52955,129.74
2019/1/16,48317,137.03
2019/1/17,52387,127.14
2019/1/18,52332,132.6
2019/1/21,53296,137.27
2019/1/22,54016,133.67
2019/1/23,48254,131.76
2019/1/24,51696,129.17
2019/1/25,61112,148.49
2019/1/28,58986,151.76
2019/1/29,52207,131.04
2019/1/30,50420,139.41
2019/2/11,52906,139.42
2019/2/12,57992,144.62
2019/2/13,52781,134.5
2019/2/14,56449,131.11
2019/2/15,57066,135.46
2019/2/18,58788,144.78
2019/2/19,59821,147.52
2019/2/20,65347,147.74
2019/2/21,65794,151.63
2019/2/22,60075,143.13
2019/2/25,59388,147.85
2019/2/26,60384,147.38
2019/2/27,59961,143.87
2019/3/4,51587,124.34
2019/3/5,53212,124.37
2019/3/6,58217,144.79
2019/3/7,58793,136.44
2019/3/8,56200,127.11
2019/3/11,55108,128.73
2019/3/12,56571,143.04
2019/3/13,57376,131.9
2019/3/14,51366,132.94
2019/3/15,55853,142.09
2019/3/18,56074,139.43
2019/3/19,57383,144.28
2019/3/20,56702,143.29
2019/3/21,63502,149.64
2019/3/22,59221,138.71
2019/3/25,57418,111.01
2019/3/26,58799,122.67
2019/3/27,56391,143.14
2019/3/28,60901,131.35
2019/3/29,57846,149.82
2019/4/1,58766,153.78
2019/4/2,60207,157.74
2019/4/3,59733,176.86
2019/4/8,62779,182.47
2019/4/9,67126,192.32
2019/4/10,64114,205.71
2019/4/11,62890,178.98
2019/4/12,63106,175.81
2019/4/15,61456,180.09
2019/4/16,60562,185.34
2019/4/17,62747,157.78
2019/4/18,63011,148.9
2019/4/19,63893,136.86
2019/4/22,60734,133.61
2019/4/23,62257,141.55
2019/4/24,56118,133.94
2019/4/25,60853,139.49
2019/4/26,54221,120.12
2019/4/29,56448,128.29
2019/4/30,57754,127.41
2019/5/2,56707,145.51
2019/5/3,60751,153.69
2019/5/6,50008,120.46
2019/5/7,56949,134.66
2019/5/8,55017,141.51
2019/5/9,48737,119.51
2019/5/10,57008,121.07
2019/5/13,49309,110.65
2019/5/14,50970,110.11
2019/5/15,47150,133.9
2019/5/16,49172,126.18
2019/5/17,47957,111.6
2019/5/20,52743,113.16
2019/5/21,51082,118.31
2019/5/22,47497,115.77
2019/5/23,40980,104.38
2019/5/24,45367,109.89
2019/5/27,44168,107.17
2019/5/28,42744,106.55
2019/5/29,45224,105.82
2019/5/30,44348,109.41
2019/5/31,44170,116.66
2019/6/3,44409,115.22
2019/6/4,41820,109.53
2019/6/5,41759,108.1
2019/6/6,40187,101.69
2019/6/10,47261,110.32
2019/6/11,47135,114.79
2019/6/12,47698,116.27
2019/6/13,41459,108.3
2019/6/14,41161,106.34
2019/6/17,44014,108.15
2019/6/18,42623,111.01
2019/6/19,51115,126.8
2019/6/20,53598,116.56
2019/6/21,53695,110.56
2019/6/24,49386,113.54
2019/6/25,49383,100.52
2019/6/26,44283,95.78
2019/6/27,45612,108.71
2019/6/28,47125,99.68
2019/7/1,46800,119.96
2019/7/2,44663,119.37
2019/7/3,42442,105.28
2019/7/4,42847,113.86
2019/7/5,42083,113.87
2019/7/8,41035,109.74
2019/7/9,39225,102.73
2019/7/10,42752,115.29
2019/7/11,44241,126.44
2019/7/12,42407,122.94
2019/7/15,41203,129.29
2019/7/16,35861,134.81
2019/7/17,32681,105.69
2019/7/18,38694,99.94
2019/7/19,41117,112.93
2019/7/22,45404,125.18
2019/7/23,44434,127.89
2019/7/24,44154,116.36
2019/7/25,43124,117.61
2019/7/26,40552,116.69
2019/7/29,40511,119.93
2019/7/30,36479,113.89
2019/7/31,37407,113.27
2019/8/1,32563,108.87
2019/8/2,29179,95.54
2019/8/5,29154,91.8
2019/8/6,28984,93.3
2019/8/7,33056,102.69
2019/8/8,34363,108.55
2019/8/12,33931,111.76
2019/8/13,36062,103.72
2019/8/14,37442,111.97
2019/8/15,39292,104.91
2019/8/16,38642,111.62
2019/8/19,38642,118.15
2019/8/20,41783,119.11
2019/8/21,42222,120.31
2019/8/22,37933,115.05
2019/8/23,40154,116.61
2019/8/26,37624,98.28
2019/8/27,41387,105.25
2019/8/28,40873,118.75
2019/8/29,45008,122.06
2019/8/30,47684,129.2
2019/9/2,49735,134.55
2019/9/3,46684,127.4
2019/9/4,51087,132.78
2019/9/5,49994,137.93
2019/9/6,52750,145.89
2019/9/9,54185,142.5
2019/9/10,51907,140.04
2019/9/11,51053,151.2
2019/9/12,50883,138.3
2019/9/16,59609,146.84
2019/9/17,54569,145.79
2019/9/18,51961,139.49
2019/9/19,47683,129.27
2019/9/20,50804,136.94
2019/9/23,49839,137.7
2019/9/24,50337,138.7
2019/9/25,48321,146.38
2019/9/26,49848,136.78
2019/9/27,52571,132.19
2019/10/1,57182,155.32
2019/10/2,54169,145.41
2019/10/3,54447,131.59
2019/10/4,55126,133.47
2019/10/7,53865,141.52
2019/10/8,59765,166.26
2019/10/9,52575,144.63
2019/10/14,57981,170.97
2019/10/15,57537,183.61
2019/10/16,55079,150.86
2019/10/17,57752,155.64
2019/10/18,54203,143.77
2019/10/21,51796,144.7
2019/10/22,53460,163.99
2019/10/23,53471,155.79
2019/10/24,57600,161.07
2019/10/25,55301,161.76
2019/10/28,57905,159.72
2019/10/29,57775,156.52
2019/10/30,58493,157.55
2019/10/31,58950,147.22
2019/11/1,59182,153.88
2019/11/4,61916,181.53
2019/11/5,57204,176.41
2019/11/6,55694,174.47
2019/11/7,53227,157.69
2019/11/8,52106,147.67
2019/11/11,52263,120.95
2019/11/12,50161,134.03
2019/11/13,49928,138.71
2019/11/14,48476,137.77
2019/11/15,45324,146.77
2019/11/18,45798,155.11
2019/11/19,44634,163.43
2019/11/20,40968,133.72
2019/11/21,42761,130.36
2019/11/22,41154,129.4
2019/11/25,41432,130.73
2019/11/26,45694,140.85
2019/11/27,47197,136.78
2019/11/28,41713,128.67
2019/11/29,35843,114.3
2019/12/2,41888,115.24
2019/12/3,46644,117.56
2019/12/4,44952,124.89
2019/12/5,48740,134.89
2019/12/6,50054,136.47
2019/12/9,51767,144.98
2019/12/10,43270,133.38
2019/12/11,49361,143.13
2019/12/12,51462,166.26
2019/12/13,48903,166.48
2019/12/16,49668,165.68
2019/12/17,45044,191.54
2019/12/18,43908,134.28
2019/12/19,42487,112.46
2019/12/20,41003,106.42
2019/12/23,40668,108.72
2019/12/24,37093,105.19
2019/12/25,37184,122.63
2019/12/26,34859,123.62
2019/12/27,38443,138.47
2019/12/30,38158,129.88
2019/12/31,36910,113.18
2020/1/2,35457,127.11
2020/1/3,34623,121.91
2020/1/6,32176,99.09
2020/1/7,29263,89.28
2020/1/8,35546,105.88
2020/1/9,37426,112.63
2020/1/10,39362,121.25
2020/1/13,42393,140.1
2020/1/14,39879,151.26
2020/1/15,36749,157.52
2020/1/16,31449,152.05
2020/1/17,32382,149.04
2020/1/20,31789,151.09
2020/1/30,18239,106.12
2020/1/31,29779,109.66
2020/2/3,32348,97.38
2020/2/4,33910,118.12
2020/2/5,34680,128.4
2020/2/6,37012,143.37
2020/2/7,36062,132.35
2020/2/10,35908,129.73
2020/2/11,34889,133.18
2020/2/12,39174,154.87
2020/2/13,41598,161.83
2020/2/14,38351,156.08
2020/2/17,36853,144.58
2020/2/18,31665,124.7
2020/2/19,31328,184.1
2020/2/20,25807,163.11
2020/2/21,26662,159.91
2020/2/24,26756,137.89
2020/2/25,27454,140.33
2020/2/26,21461,172.19
2020/2/27,20581,143.1
2020/3/2,19009,128.56
2020/3/3,23349,135.71
2020/3/4,26997,173.5
2020/3/5,29764,175.04
2020/3/6,22285,149.07
2020/3/9,31376,121.63
2020/3/10,21519,124.33
2020/3/11,25763,149.15
2020/3/12,31854,120.4
2020/3/13,35948,109.93
2020/3/16,37976,104.65
2020/3/17,41953,107.34
2020/3/18,43800,206.72
2020/3/19,52635,138.09
2020/3/20,50969,153.07
2020/3/23,55376,139.89
2020/3/24,51075,164.88
2020/3/25,46822,198.07
2020/3/26,45846,182.99
2020/3/27,46724,173.83
2020/3/30,47134,165.9
2020/3/31,48075,165.01
2020/4/1,51117,180.53
2020/4/6,46152,171.57
2020/4/7,45860,173.2
2020/4/8,41765,184.91
2020/4/9,43529,177.12
2020/4/10,45637,173.63
2020/4/13,46577,166.97
2020/4/14,42521,191.24
2020/4/15,35256,207.67
2020/4/16,35385,182.64
2020/4/17,32864,180.06
2020/4/20,30153,160.26
2020/4/21,38790,136.66
2020/4/22,34960,180.09
2020/4/23,36637,168.17
2020/4/24,37274,166.52
2020/4/27,35289,187.93
2020/4/28,36558,178.83
2020/4/29,38439,186.37
2020/4/30,36589,185.92
2020/5/4,36610,153.78
2020/5/5,36085,157.48
2020/5/6,39969,170.27
2020/5/7,37864,162.47
2020/5/8,37088,161.82
2020/5/11,36882,158.91
2020/5/12,38547,146.66
2020/5/13,41695,166.48
2020/5/14,38753,146.96
2020/5/15,41266,143.66
2020/5/18,35957,137.55
2020/5/19,37430,147.38
2020/5/20,36013,216.45
2020/5/21,34127,188.43
2020/5/22,33253,154.03
2020/5/25,32721,155.2
2020/5/26,34198,177.59
2020/5/27,34183,191.08
2020/5/28,35015,166.6
2020/5/29,36612,160.73
2020/6/1,38695,175.36
2020/6/2,39394,170.8
2020/6/3,40894,192.67
2020/6/4,39426,175.06
2020/6/5,40035,173.34
2020/6/8,37129,173.94
2020/6/9,39043,169.74
2020/6/10,37201,191.87
2020/6/11,40776,164.18
2020/6/12,35137,155.57
2020/6/15,36970,146.92
2020/6/16,35579,166.62
2020/6/17,31514,105.19
2020/6/18,32915,112.22
2020/6/19,31955,116.34
2020/6/22,32521,124.1
2020/6/23,33109,119.05
2020/6/24,33634,121.44
2020/6/29,31682,104.73
2020/6/30,30838,120.64
2020/7/1,33495,121.3
2020/7/2,36460,126.1
2020/7/3,41646,132.57
2020/7/6,36204,140.57
2020/7/7,36257,139.95
2020/7/8,34330,138.7
2020/7/9,34478,135.92
2020/7/10,39271,128.5
2020/7/13,33999,146.02
2020/7/14,31606,143.76
2020/7/15,27506,126.72
2020/7/16,26258,108.62
2020/7/17,28921,110.89
2020/7/20,29158,113.41
2020/7/21,28776,148.09
2020/7/22,27738,118.17
2020/7/23,24073,109.63
2020/7/24,28455,106.31
2020/7/27,32456,145.18
2020/7/28,29267,128.35
2020/7/29,29130,127.96
2020/7/30,31873,128.65
2020/7/31,29242,125.83
2020/8/3,24623,113.61
2020/8/4,30826,126.45
2020/8/5,31663,126.5
2020/8/6,31478,130.44
2020/8/7,31855,123.95
2020/8/10,29149,130.81
2020/8/11,27953,122.95
2020/8/12,28532,121.36
2020/8/13,28571,117.16
2020/8/14,28744,122.23
2020/8/17,30268,140.11
2020/8/18,26921,134.52
2020/8/19,23249,125.76
2020/8/20,20704,90.08
2020/8/21,28172,108.43
2020/8/24,29714,115.59
2020/8/25,29970,129.56
2020/8/26,31478,139.5
2020/8/27,31678,132.09
2020/8/28,27859,118.69
2020/8/31,25308,115.02
2020/9/1,26073,124.41
2020/9/2,27143,128.86
2020/9/3,28561,122.58
2020/9/4,29177,118.43
2020/9/7,30158,121.02
2020/9/8,32226,128.81
2020/9/9,28923,119.77
2020/9/10,32231,120.1
2020/9/11,29341,116.05
2020/9/14,29605,123.44
2020/9/15,29227,133.07
2020/9/16,32528,119.57
2020/9/17,24222,108.12
2020/9/18,22863,111.17
2020/9/21,13158,101.92
2020/9/22,12021,90.68
2020/9/23,13450,97.97
2020/9/24,15444,87.82
2020/9/25,23990,95.6
2020/9/28,21649,112.84
2020/9/29,23537,115.59
2020/9/30,28959,117.8
2020/10/5,24809,114.99
2020/10/6,25011,128.57
2020/10/7,30080,123.17
2020/10/8,29468,122.14
2020/10/12,29128,121.69
2020/10/13,31069,122.44
2020/10/14,30354,120.69
2020/10/15,29965,106.88
2020/10/16,28745,106.15
2020/10/19,28769,116.84
2020/10/20,26384,116.2
2020/10/21,27466,100.37
2020/10/22,31361,97.51
2020/10/23,28897,108.65
2020/10/26,32083,114.36
2020/10/27,29088,116.08
2020/10/28,30481,102.59
2020/10/29,25396,107.1
2020/10/30,29056,97.34
2020/11/2,27584,98.34
2020/11/3,31466,111.9
2020/11/4,31787,110.65
2020/11/5,35469,112.67
2020/11/6,40879,116.52
2020/11/9,37322,126.1
2020/11/10,36904,122.54
2020/11/11,34710,129.71
2020/11/12,37503,125.77
2020/11/13,35230,124.27
2020/11/16,29986,144.88
2020/11/17,26705,142.73
2020/11/18,26264,127.7
2020/11/19,23372,119.4
2020/11/20,21838,120.04
2020/11/23,17282,138.27
2020/11/24,17826,122.72
2020/11/25,18946,106.61
2020/11/26,14996,115.2
2020/11/27,16813,121.89
2020/11/30,11640,110.22
2020/12/1,8171,118.26
2020/12/2,9736,114.73
2020/12/3,10258,113.58
2020/12/4,9762,124.19
2020/12/7,5955,124
2020/12/8,5109,141.34
2020/12/9,-692,124.82
2020/12/10,-992,113.55
2020/12/11,-1439,111.9
2020/12/14,-4622,111.27
2020/12/15,-341,99.31
2020/12/16,-3645,117.03
2020/12/17,-6886,102.69
2020/12/18,-5967,102.99
2020/12/21,-4573,123.66
2020/12/22,-5722,108.4
2020/12/23,-6799,102.81
2020/12/24,-4499,111.68
2020/12/25,-5748,115.39
2020/12/28,-9366,124.12
2020/12/29,-9590,130.1
2020/12/30,-6537,125.67
2020/12/31,-9322,125.27
2021/1/4,-10220,138.61
2021/1/5,-10925,146.86
2021/1/6,-11130,127.49
2021/1/7,-12796,153.77
2021/1/8,-15326,147.88
2021/1/11,-18844,144.57
2021/1/12,-19201,135.74
2021/1/13,-21535,144.45
2021/1/14,-28118,136.12
2021/1/15,-24852,136.06
2021/1/18,-27983,133.4
2021/1/19,-29982,150.92
2021/1/20,-16717,137.65
2021/1/21,-20581,151.97
2021/1/22,-27551,132.57
2021/1/25,-29123,121.74
2021/1/26,-27504,107.44
2021/1/27,-28106,133.97
2021/1/28,-27807,113.52
2021/1/29,-17366,107.32
2021/2/1,-19624,121.52
2021/2/2,-18855,155.75
2021/2/3,-21742,141.65
2021/2/4,-20889,135.87
2021/2/5,-22661,145.6
2021/2/17,-16991,159.11
2021/2/18,-23149,133.75
2021/2/19,-21938,123.18
2021/2/22,-26187,138.88
2021/2/23,-27792,140.38
2021/2/24,-29148,131.02
2021/2/25,-28482,135.18
2021/2/26,-29435,110.26
2021/3/2,-24753,107.09
2021/3/3,-24961,134.53
2021/3/4,-23750,123.84
2021/3/5,-25695,124.52
2021/3/8,-20194,117.32
2021/3/9,-23925,116.68
2021/3/10,-21680,117.06
2021/3/11,-27138,126.22
2021/3/12,-28859,118.54
2021/3/15,-30305,117.7
2021/3/16,-26901,124.22
2021/3/17,-27350,118.77
2021/3/18,-26714,118.51
2021/3/19,-27393,101.33
2021/3/22,-24953,112.86
2021/3/23,-25977,108.81
2021/3/24,-28218,119.33
2021/3/25,-25105,117.28
2021/3/26,-22835,128.13
2021/3/29,-20341,141.57
2021/3/30,-19365,142.39
2021/3/31,-21379,120.5
2021/4/1,-19816,127.04
2021/4/6,-19121,133.69
2021/4/7,-22867,130.1
2021/4/8,-23362,135.2
2021/4/9,-25452,128.43
2021/4/12,-25972,132.95
2021/4/13,-25406,137.09
2021/4/14,-25170,145.66
2021/4/15,-24594,152.41
2021/4/16,-28850,151.28
2021/4/19,-24535,166.03
2021/4/20,-28832,167.1
2021/4/21,-26668,156.81
2021/4/22,-28734,145.84
2021/4/23,-29457,153.54
2021/4/26,-30486,180.64
2021/4/27,-31451,168.91
2021/4/28,-33341,177.02
2021/4/29,-32008,162.7
2021/5/3,-36251,118.44
2021/5/4,-39364,101.43
2021/5/5,-38754,124.32
2021/5/6,-34174,121.83
2021/5/7,-36030,142.16
2021/5/10,-37519,133.69
2021/5/11,-32518,97.4
2021/5/12,-24863,108.18
2021/5/13,-21792,112.09
2021/5/14,-15524,114.7
2021/5/17,-15406,102.59
2021/5/18,-20104,128.63
2021/5/19,-20081,132.26
2021/5/20,-18983,113.54
2021/5/21,-21320,126.09
2021/5/24,-24270,132.17
2021/5/25,-22944,148.12
2021/5/26,-22594,159.66
2021/5/27,-23354,145.94
2021/5/28,-24066,165.17
2021/5/31,-24752,169.46
2021/6/1,-25277,164.89
2021/6/2,-24529,177.63
2021/6/3,-24980,167.29
2021/6/4,-27839,150.43
2021/6/7,-27364,141.82
2021/6/8,-28205,145.95
2021/6/9,-28668,153.35
2021/6/10,-29672,157.02
2021/6/11,-29119,164.38
2021/6/15,-31269,171.44
2021/6/16,-29018,123.34
2021/6/17,-33088,123.51
2021/6/18,-31612,119.26
2021/6/21,-31474,102.75
2021/6/22,-31072,105.94
2021/6/23,-32464,119.2
2021/6/24,-31494,139.97
2021/6/25,-29494,144.99
2021/6/28,-30034,143.23
2021/6/29,-29302,133.78
2021/6/30,-29071,121.62
2021/7/1,-29913,136.97
2021/7/2,-28865,137.69
2021/7/5,-28080,149
2021/7/6,-29013,130.96
2021/7/7,-27435,114.97
2021/7/8,-27497,114.31
2021/7/9,-28740,103.62
2021/7/12,-29256,111.89
2021/7/13,-28212,107.67
2021/7/14,-27147,117.63
2021/7/15,-28043,112.98
2021/7/16,-29577,90.78
2021/7/19,-33866,83.79
2021/7/20,-36438,82.52
2021/7/21,-35205,102.64
2021/7/22,-35187,149.13
2021/7/23,-35363,151.07
2021/7/26,-34437,137.84
2021/7/27,-34740,138.65
2021/7/28,-31456,88.78
2021/7/29,-28366,111.36
2021/7/30,-28141,104.67
2021/8/2,-29811,118.08
2021/8/3,-28545,119.85
2021/8/4,-27318,113.52
2021/8/5,-30283,125.41
2021/8/6,-28413,124.5
2021/8/9,-26348,120.23
2021/8/10,-27922,106.17
2021/8/11,-31707,103.49
2021/8/12,-30489,100.83
2021/8/13,-32082,91.92
2021/8/16,-28069,84.79
2021/8/17,-27121,79.16
2021/8/18,-27393,113.14
2021/8/19,-23836,80.64
2021/8/20,-20640,83.29
2021/8/23,-22213,116.28
2021/8/24,-21172,117.78
2021/8/25,-21017,115.5
2021/8/26,-19929,108.49
2021/8/27,-17571,123.13
2021/8/30,-19298,133.96
2021/8/31,-19164,138.82
2021/9/1,-20199,121.57
2021/9/2,-15805,112.85
2021/9/3,-19816,128.59
2021/9/6,-16296,128.94
2021/9/7,-15580,125.84
2021/9/8,-14197,117.75
2021/9/9,-11655,120.53
2021/9/10,-14302,137.8
2021/9/13,-15403,141.62
2021/9/14,-15368,137.16
2021/9/15,-15086,115.43
2021/9/16,-17997,103.71
2021/9/17,-16613,111.92
2021/9/22,-17828,106.4
2021/9/23,-16468,112.03
2021/9/24,-17463,111.4
2021/9/27,-19326,114.41
2021/9/28,-18446,103.54
2021/9/29,-18170,90.45
2021/9/30,-16731,100.79
2021/10/1,-13037,84.04
2021/10/4,-11157,84.98
2021/10/5,-17129,90.59
2021/10/6,-13742,98.14
2021/10/7,-18280,108.33
2021/10/8,-21144,109.5
2021/10/12,-15634,103.27
2021/10/13,-18436,101.39
2021/10/14,-16127,99.68
2021/10/15,-17650,113.27
2021/10/18,-19002,101.38
2021/10/19,-18206,109.35
2021/10/20,-17463,121.7
2021/10/21,-18163,108.82
2021/10/22,-20002,105.46
2021/10/25,-20028,106.55
2021/10/26,-22065,119.42
2021/10/27,-22666,108.3
2021/10/28,-22414,109.67
2021/10/29,-23842,106.06
2021/11/1,-22084,113.06
2021/11/2,-22443,110.08
2021/11/3,-21534,111.84
2021/11/4,-23097,103.67
2021/11/5,-21396,114.85
2021/11/8,-17455,126.21
2021/11/9,-13582,129.96
2021/11/10,-16513,126.77
2021/11/11,-17990,118.91
2021/11/12,-16971,120.93
2021/11/15,-15579,131.09
2021/11/16,-15063,138.35
2021/11/17,-15550,133.65
2021/11/18,-17940,139.28
2021/11/19,-19767,122.41
2021/11/22,-18656,120.3
2021/11/23,-18707,103.84
2021/11/24,-18965,123.7
2021/11/25,-20322,122.99
2021/11/26,-20043,99.8
2021/11/29,-18480,102.18
2021/11/30,-21794,106.21
2021/12/1,-21574,119.97
2021/12/2,-21858,127.61
2021/12/3,-22167,130.14
2021/12/6,-24030,122.86
2021/12/7,-26218,117.9
2021/12/8,-25414,126.65
2021/12/9,-24600,125.16
2021/12/10,-26416,120.12
2021/12/13,-25750,120.61
2021/12/14,-26528,107.87
2021/12/15,-25788,116.1
2021/12/16,-26530,115.47
2021/12/17,-25414,110.65
2021/12/20,-26642,93.77
2021/12/21,-25413,115.22
2021/12/22,-24194,112.03
2021/12/23,-23866,114.93
2021/12/24,-24656,119.36
2021/12/27,-23460,126.2
2021/12/28,-22593,135.52
2021/12/29,-23091,121.71
2021/12/30,-25156,117.42
2022/1/3,-25176,117.84
2022/1/4,-24704,133.72
2022/1/5,-24087,111.2
2022/1/6,-23137,103.68
2022/1/7,-26609,94.04
2022/1/10,-25431,99.97
2022/1/11,-28317,100.33
2022/1/12,-28429,107.44
2022/1/13,-25697,111.02
2022/1/14,-25474,98.16
2022/1/17,-25634,111.05
2022/1/18,-24203,107.4
2022/1/19,-24491,98.36
2022/1/20,-24875,109.5
2022/1/21,-26015,85.87
2022/1/24,-27141,92.81
2022/1/25,-32728,78.85
2022/1/26,-31781,105.66
2022/2/7,-30260,100.48
2022/2/8,-29534,111.07
2022/2/9,-25452,113.67
2022/2/10,-20559,129.41
2022/2/11,-19022,126.5
2022/2/14,-21145,101.86
2022/2/15,-16391,105.99
2022/2/16,-15424,125.61
2022/2/17,-16447,122.85
2022/2/18,-17209,128.18
2022/2/21,-19484,124.6
2022/2/22,-19803,107.03
2022/2/23,-17119,124.12
2022/2/24,-19969,103.29
2022/2/25,-20366,107.36
2022/3/1,-18087,124.71
2022/3/2,-20235,115.48
2022/3/3,-19465,125.77
2022/3/4,-17517,115.5
2022/3/7,-19469,89.17
2022/3/8,-15856,85.02
2022/3/9,-12720,101.64
2022/3/10,-7061,116.07
2022/3/11,-10553,102.54
2022/3/14,-10667,102.49
2022/3/15,-13835,93.65
2022/3/16,-12323,94.89
2022/3/17,-12615,118.65
2022/3/18,-16972,108.8
2022/3/21,-14391,113.92
2022/3/22,-12992,115.17
2022/3/23,-12056,106.25
2022/3/24,-10944,104.86
2022/3/25,-12078,101.44
2022/3/28,-8476,97.74
2022/3/29,-5357,103.4
2022/3/30,-4957,106.73
2022/3/31,-9216,104.35
2022/4/1,-6232,103.66
2022/4/6,-5565,105.27
2022/4/7,-6559,88.61
2022/4/8,-2681,92.15
2022/4/11,-423,87.73
2022/4/12,-1863,92.05
2022/4/13,-3258,105.35
2022/4/14,-5174,102.96
2022/4/15,-8421,90.76
2022/4/18,-7052,88.25
2022/4/19,-7354,93.89
2022/4/20,-9973,91.38
2022/4/21,-9999,90.28
2022/4/22,-7997,95.07
2022/4/25,-8696,84.08
2022/4/26,-9711,84.05
2022/4/27,-12944,79.99
2022/4/28,-11732,95.57
2022/4/29,-5674,106.3
2022/5/3,-9876,101.18
2022/5/4,-8866,89.8
2022/5/5,-9974,88.48
2022/5/6,-9775,80.61
2022/5/9,-8165,76.32
2022/5/10,-12886,81.12
2022/5/11,-9158,83.17
2022/5/12,-6639,80.32
2022/5/13,-5519,88.14
2022/5/16,-2540,89.74
2022/5/17,91,96.15
2022/5/18,1701,103.66
2022/5/19,400,88.47
2022/5/20,5593,96.77
2022/5/23,4048,97.45
2022/5/24,5024,95.14
2022/5/25,5399,100.8
2022/5/26,4528,95
2022/5/27,9212,108.1
2022/5/30,6992,129.19
2022/5/31,7991,135.23
2022/6/1,7434,103.63
2022/6/2,10257,99.94
2022/6/6,8528,105.68
2022/6/7,6617,99.09
2022/6/8,9587,107.31
2022/6/9,7904,104.9
2022/6/10,6910,98.6
